EmployeeID,FirstName,LastName,PhoneNumber
1,Claudianus,Hughlin,746-906-2036
2,Tracee,Attawell,138-887-3211
3,Edouard,Jorczyk,413-916-4411
4,Conrad,Elphinston,812-175-0008
5,Townie,Verriour,516-377-1952
6,Lanny,Andrag,212-732-9515
7,Gerhard,Arthey,561-879-7264
8,Noll,Duker,413-947-6030
9,Miltie,Butten,273-933-7554
10,Patience,Cherryman,379-162-6258
11,Lynnell,Cridland,583-947-0619
12,Michelle,Dagger,488-829-0820
13,Germana,O' Cloney,211-161-3219
14,Martie,Chiese,700-817-3317
15,Delano,Bradford,759-102-1170
16,Augustus,Jeffress,364-154-6182
17,Pet,O'Skehan,749-543-9830
18,Rosalynd,Loades,420-529-4509
19,Granny,Buzzing,215-884-0440
20,Bernetta,Khristoforov,695-135-3088
21,Mechelle,Columbine,717-213-5376
22,Daphne,Blethyn,127-497-9161
23,Clerissa,Tours,180-474-6286
24,Jaime,Puddicombe,792-778-9931
25,Grace,Morrel,239-874-0244
26,Butch,Tomini,756-778-4012
27,Rakel,O'Dennehy,642-116-0218
28,Hedwiga,Malthus,967-424-6451
29,Arlette,Dell Casa,710-653-3656
30,Flint,Janicek,643-401-8258
31,Reena,Scrooby,157-889-8348
32,Hashim,Lindbergh,386-287-8728
33,Mickie,Presslie,152-315-3673
34,Lucias,Grisedale,440-290-9574
35,William,Orrock,751-919-4494
36,Shellie,Casino,279-488-9907
37,Morly,Kilrow,314-715-2994
38,Lance,Baline,104-284-6952
39,Gus,Bartomeu,782-712-0710
40,Alexandros,Dymond,870-749-3753
41,Guglielma,Harvett,813-998-4611
42,Isidoro,Deavall,714-499-5479
43,Tristam,Penniall,276-644-3725
44,Sanderson,Frankland,305-783-1393
45,Ricard,Graham,487-674-7849
46,Natal,Alti,470-271-3776
47,Eba,Blaine,748-884-2537
48,Reggie,Iapico,720-156-5018
49,Romy,Wandless,382-736-9202
50,Cyrille,Millis,675-412-4331
51,Lida,Simoneschi,982-406-5846
52,Rosemary,Di Pietro,826-687-6404
53,Oran,Raunds,619-801-4650
54,Charmian,Lawlor,194-190-7603
55,Linnet,Poles,650-940-5332
56,Shelbi,Pellett,205-885-8341
57,Nobie,Height,332-878-7380
58,Lucienne,Riglar,488-525-5272
59,Abigael,Carbin,115-733-2507
60,Davey,Rubinsky,933-203-1157
61,Vinson,Layhe,741-114-0201
62,Suzann,Burvill,689-289-6050
63,Bailie,Rennox,560-779-0090
64,Alfredo,Thandi,942-675-0601
65,Verile,Gribben,646-366-9358
66,Heda,McCurlye,399-714-3108
67,Ulric,Kittow,891-740-1373
68,Stepha,Pavlovsky,916-294-2251
69,Rodie,Earles,689-439-8655
70,Maria,Steanyng,362-122-8445
71,Katinka,Squirrel,998-665-1591
72,Hyacinthe,Delle,790-779-1108
73,Vonny,Culshew,425-957-5427
74,Rockey,Reinhardt,828-420-2414
75,Theressa,Huddles,801-556-9635
76,Peria,Corkitt,382-416-9118
77,Claretta,Dore,683-522-8964
78,Karlee,Flemming,951-840-0802
79,Charmaine,Tinham,202-455-5676
80,Yettie,Lowndsborough,761-125-7625
81,Jaimie,Pittet,511-864-2192
82,Cahra,Andrzejak,856-466-1662
83,Gwenora,Sturr,232-443-4542
84,Jany,Maguire,563-954-1244
85,Fidole,Sinkins,924-540-6308
86,Alan,Noyes,656-920-7173
87,Shelbi,Kennicott,256-332-5869
88,Putnam,Woolfenden,255-814-1969
89,Martica,Dunklee,747-720-9221
90,Nannette,Caldes,931-229-9047
91,Tove,Hallen,513-989-9543
92,Neely,Lacase,178-993-2585
93,Spenser,Renforth,770-640-3771
94,Celestyna,Kearns,242-865-2112
95,Ranice,Totman,640-146-6261
96,Christy,Howsego,587-764-1617
97,Ky,Eake,390-956-3993
98,Brantley,Bromwich,671-223-9119
99,Ulrich,Jentzsch,744-322-0294
100,Kerrill,Olekhov,297-959-3619
