TranslatorID,FirstName,LastName
1,Rey,Sabates
2,Anastasie,Truckett
3,Norri,Tindle
4,Sela,Fripps
5,Bethina,Fanthome
6,Adore,Roche
7,Rici,Dering
8,Allistir,Snazel
9,Loretta,Brehaut
10,Correna,Kunzel
11,Delcine,Marguerite
12,Garey,Croome
13,Rosalinde,Greenmon
14,Cale,Puden
15,Ynez,Aron
16,Willie,Pouton
17,Mordy,Duncklee
18,Donalt,Fletham
19,Rikki,Dimitresco
20,Livvy,Haszard
21,Brigida,Garahan
22,Carmencita,Rathke
23,Augusto,Ruttgers
24,Emelen,Gayler
25,Danyelle,Whifen
26,Kerianne,Weddeburn - Scrimgeour
27,Pierre,Jouannisson
28,Auria,Eskriet
29,Sybilla,Collinwood
30,Marieann,Ivanets
31,Mack,Ivel
32,Anselm,Meier
33,Reinold,Buzek
34,Alfi,Goodie
35,Almeta,Ugo
36,Michael,McCowen
37,Aurelie,Gookey
38,Batholomew,Halworth
39,Elane,Goodger
40,Ruth,Hawtin
41,Michael,Aldridge
42,Erhard,Ivy
43,Giacinta,Kolin
44,Isador,Braams
45,Shane,Keeping
46,Laurence,Van Geffen
47,Dylan,Wadhams
48,Prudi,Heintsch
49,Teodora,Lagadu
50,Harland,Thexton
51,Olenolin,Ormes
52,Cathie,Moules
53,Jackqueline,Ibberson
54,Bastien,Tourner
55,Dorry,Gyngell
56,Christabel,Ballinghall
57,Jarret,Raggles
58,Moss,Paylor
59,Amii,Skeermor
60,Devan,Wykey
61,Beverley,Toretta
62,Aliza,Berecloth
63,Rubi,Sueter
64,Armand,Ungerecht
65,Jarib,Grzelak
66,Jenica,Bourgeois
67,Rhonda,Scogin
68,Phoebe,Birdall
69,Nikolaos,McCleod
70,Rahal,Roch
71,Anselma,Wellbelove
72,Egan,Blaby
73,Sergent,Gregor
74,Chick,Tookey
75,Lauryn,Goulthorp
76,Marysa,Chatell
77,Hilary,Dmiterko
78,Alick,Borit
79,Griswold,Jeske
80,Ingemar,Andrelli
81,Kellyann,Boak
82,Beverlee,Lamprey
83,Orelie,McGunley
84,Crystal,Tulleth
85,Katherine,Volonte
86,Berny,Rampton
87,Torrie,Prandy
88,Abagael,Shewring
89,Arabel,Eberle
90,Terrijo,Elsegood
91,Hildegaard,McCathy
92,Emelita,Danforth
93,Tobe,Tomsen
94,Artemas,Zolini
95,Perkin,Smetoun
96,Dollie,Padilla
97,Franni,O'Hollegan
98,Torr,Kopfen
99,Graig,Alcide
100,Camellia,Alvey
