UserID,FirstName,LastName,AccountName,AccountPassword,Adress,PhoneNumber,Email
1,Pietrek,Giacoppoli,pgiacoppoli0,aS5)eFD~pha/yA\{,44031 Lunder Parkway,798-999-2686,pgiacoppoli0@skype.com
2,Klaus,Canny,kcanny1,"yK9=&!vwDFZG""",512 Schlimgen Place,219-671-6478,kcanny1@webnode.com
3,Belinda,Eatherton,beatherton2,lN2?x8QTU_)4D~D,58 Clyde Gallagher Trail,470-597-3833,beatherton2@economist.com
4,Coraline,Hansill,chansill3,fE0#\do|}3,06535 Gulseth Park,191-525-0481,chansill3@globo.com
5,Delano,Worland,dworland4,"fZ3=Hpjk,""$",29784 Hollow Ridge Drive,341-193-7296,dworland4@uol.com.br
6,Imojean,Halvorsen,ihalvorsen5,iL6!E!NxH&oP,149 Moulton Pass,422-421-9129,ihalvorsen5@dagondesign.com
7,Valery,Labba,vlabba6,oA6)wz%E=+ggg,48 Straubel Point,138-961-3257,vlabba6@webnode.com
8,Raleigh,Van Leeuwen,rvanleeuwen7,"xQ2,7MMif",47 Melby Drive,767-710-0159,rvanleeuwen7@latimes.com
9,Geoff,Sprowles,gsprowles8,gA7<O)</9w,0 Graedel Drive,345-100-9206,gsprowles8@cloudflare.com
10,Ban,Guerra,bguerra9,rF4_>L'H_EIH,77 Waubesa Point,563-594-7417,bguerra9@cocolog-nifty.com
11,Dell,Brunnstein,dbrunnsteina,dA3_pybR,461 Forest Hill,582-681-3604,dbrunnsteina@google.it
12,Yolane,Wasiela,ywasielab,oW8\BDR<$3b~d,2578 Blaine Plaza,601-410-4266,ywasielab@stanford.edu
13,Kellen,Tothe,ktothec,hB3(@{Bzc.WN&>,917 Esch Plaza,199-952-6946,ktothec@seesaa.net
14,Emili,Gregol,egregold,gU4!W@/o4=z,155 Fairview Parkway,643-251-5284,egregold@bloglines.com
15,Romona,Sholem,rsholeme,bM7|D=N(v6U.,2 Dexter Junction,154-927-1169,rsholeme@unicef.org
16,Yankee,Grissett,ygrissettf,"gH9~)HC4`_kgvT""c",3 Tomscot Lane,721-137-2701,ygrissettf@github.com
17,Callie,Hendonson,chendonsong,qH0*RihogT<,32553 Riverside Trail,175-562-0181,chendonsong@bbc.co.uk
18,Noelyn,Dawley,ndawleyh,hV6$sR+`MlTb,9388 Golf Terrace,428-140-7435,ndawleyh@wired.com
19,Augustina,Aldington,aaldingtoni,lR6+dY2OA#NV@1uX,1360 Thierer Crossing,156-437-7140,aaldingtoni@princeton.edu
20,Savina,Ives,sivesj,oT9\6tb0{F,6 Loomis Lane,278-740-6425,sivesj@hostgator.com
21,Aaron,Rozalski,arozalskik,"gU4,CEHR8ES_R'",8 Blackbird Court,679-814-2444,arozalskik@artisteer.com
22,Sig,Dobson,sdobsonl,"nJ0>|,NZ",9753 Forster Trail,822-463-0815,sdobsonl@slideshare.net
23,Cord,Rosborough,crosboroughm,"aN9*zd""#X""o*cTqQ",45 Upham Plaza,578-464-8023,crosboroughm@scribd.com
24,Casper,Pantin,cpantinn,aX6_~3WzlVkKUen,83146 Bartelt Parkway,592-769-6843,cpantinn@huffingtonpost.com
25,Magdaia,Scotcher,mscotchero,zK6'jl6Z,7154 Banding Junction,216-149-5764,mscotchero@va.gov
26,Gerti,Gelderd,ggelderdp,xS6`Y(81CrvE/r,864 Anderson Street,920-791-9124,ggelderdp@amazonaws.com
27,Nettle,Ladon,nladonq,wQ1?IK8GaP'I,38942 Northview Park,659-516-7135,nladonq@51.la
28,Bryana,Rykert,brykertr,"lE6~Y~?""?Oe",08440 Dovetail Avenue,628-884-7483,brykertr@macromedia.com
29,Daisie,Guirard,dguirards,rJ3>Lpvm=&'n$,5336 Gale Center,804-992-4128,dguirards@php.net
30,Yehudi,Henden,yhendent,uK1{jmC&OFX<%9,4488 Dakota Center,532-916-3578,yhendent@digg.com
31,Augustine,Ferguson,afergusonu,zP0.B)GOIdCEy,52809 Spohn Road,424-169-9460,afergusonu@ask.com
32,Howie,Havik,hhavikv,cS0/E6x{e}RiE,89 Oneill Drive,971-967-9403,hhavikv@elpais.com
33,Jeanine,Woodroofe,jwoodroofew,bG8(sxx4(m@c4,5 Scofield Alley,117-911-4587,jwoodroofew@hubpages.com
34,Jessie,Blain,jblainx,"yK0'(&,&kXF)C",865 Kingsford Center,933-238-2193,jblainx@opensource.org
35,Jacquelynn,Verity,jverityy,hK0&}<#?V<Plk&J,010 Hoard Avenue,177-242-9305,jverityy@wikia.com
36,Katrine,Illwell,killwellz,"tP6}ppZOF""~K3",30 Commercial Terrace,854-463-6000,killwellz@reuters.com
37,Brianna,Butter,bbutter10,"iF3)""PQ(!yLf.t",6 Esch Court,688-457-4161,bbutter10@zimbio.com
38,Hamid,Tutin,htutin11,kV7>/i$t`i,8 Hayes Point,488-689-8123,htutin11@php.net
39,Cynde,Dufaire,cdufaire12,zB0)mtrpVIQ~&uv,4 Clemons Road,562-604-8849,cdufaire12@shutterfly.com
40,Jock,Babin,jbabin13,kZ9!I/AEDTqs/+,5 Almo Circle,961-380-1737,jbabin13@quantcast.com
41,Axe,Stode,astode14,nY6@DEd6#_xK9,70 Carberry Road,295-591-8797,astode14@scribd.com
42,Wilmette,MacElholm,wmacelholm15,tH2_`7q}zMd=I6O>,97057 Thackeray Street,558-144-7615,wmacelholm15@hostgator.com
43,Britney,Philcock,bphilcock16,cR1(I$U=cy#GFa#,51970 Pearson Avenue,981-682-2140,bphilcock16@gizmodo.com
44,Dodi,Bootman,dbootman17,"uU5""4n<mk`!<t}",94864 Caliangt Circle,270-422-3077,dbootman17@ifeng.com
45,Abbe,Heighway,aheighway18,gG1}x*q}W1}x}l6`,5337 Lakewood Terrace,704-825-7836,aheighway18@paypal.com
46,Beverlee,Pullar,bpullar19,rR4<Q8T|T0VbY.,002 Rusk Alley,983-674-0409,bpullar19@google.de
47,Peyter,Burchnall,pburchnall1a,"nU9+P(?BUm#F""ma",1942 Susan Way,935-391-8979,pburchnall1a@google.it
48,Cassie,Charter,ccharter1b,wY6=1Drd\UV2f%i,89 Maple Wood Circle,627-658-6426,ccharter1b@chicagotribune.com
49,Dolores,Wren,dwren1c,yS2>}Nyd},25 Sugar Point,659-198-3173,dwren1c@etsy.com
50,Crysta,Westell,cwestell1d,aN8'Xn5roj,04 Blackbird Circle,456-415-2153,cwestell1d@eventbrite.com
51,Isaac,Fiddian,ifiddian1e,oF6!O*pHY<9n&',4543 Stephen Court,559-389-2091,ifiddian1e@issuu.com
52,Ula,Matz,umatz1f,fN8}D3keon>?Dj,97670 Morrow Point,846-211-7129,umatz1f@scribd.com
53,Elroy,Kynman,ekynman1g,nZ3<w@Tf~Ney,84118 Weeping Birch Point,455-682-6024,ekynman1g@hugedomains.com
54,Amery,de Quincey,adequincey1h,kH8)CiR8x,34744 Golf View Point,762-194-3800,adequincey1h@studiopress.com
55,Coreen,Joynes,cjoynes1i,vQ0}wZ>?S*\,03212 Burrows Street,623-954-2438,cjoynes1i@cisco.com
56,Butch,Domleo,bdomleo1j,yU3))nWow5!!,6714 Waubesa Hill,385-705-6059,bdomleo1j@omniture.com
57,Haleigh,Tumielli,htumielli1k,"iU3+Rq8ZbL,N",065 Commercial Way,820-890-5143,htumielli1k@spiegel.de
58,Had,Haney,hhaney1l,yF4~~Pidw\,6 Springview Alley,910-881-1389,hhaney1l@bluehost.com
59,Aubine,Idiens,aidiens1m,jI0.hic#'}@C,5664 Morrow Court,899-115-0139,aidiens1m@hao123.com
60,Margit,Olczyk,molczyk1n,yX5{S~MO+,9 Dayton Parkway,145-493-3727,molczyk1n@homestead.com
61,Bliss,Jacson,bjacson1o,xH4}R$'U1!Pn.X&e,3674 Sutherland Center,846-816-6485,bjacson1o@go.com
62,Riki,Speachley,rspeachley1p,uQ3%ArI'QCrz$,27075 Ridgeway Parkway,576-304-9746,rspeachley1p@networkadvertising.org
63,Mallissa,Coveney,mcoveney1q,oS6@do7/K|c,030 Dwight Court,283-655-5306,mcoveney1q@walmart.com
64,Alfonse,Kingswood,akingswood1r,xM3')F@{l,990 Basil Street,280-390-2517,akingswood1r@etsy.com
65,Padgett,Watting,pwatting1s,eA9}IPcyExS0x8>,5030 Londonderry Parkway,548-315-8442,pwatting1s@imgur.com
66,Chuck,Passingham,cpassingham1t,lK8&okbwb%zQvB,08 Stang Circle,256-996-7092,cpassingham1t@google.com.br
67,Deck,Geibel,dgeibel1u,pS8(!b%UZ!,583 Towne Junction,152-195-5315,dgeibel1u@ebay.com
68,Westbrooke,Revans,wrevans1v,qA7%TMA8Ls#py.,3399 Anderson Pass,418-569-2675,wrevans1v@paginegialle.it
69,Alexandro,Hamner,ahamner1w,vB0_>AWWo{TI|r,85 Monument Trail,918-177-7798,ahamner1w@gov.uk
70,Norrie,Herkess,nherkess1x,kE5!ufE=$uIt3,149 Bellgrove Street,177-836-7819,nherkess1x@bloomberg.com
71,Dolph,Philip,dphilip1y,qM9'tNmk,8 Mesta Junction,164-631-5527,dphilip1y@cyberchimps.com
72,Wheeler,Hankard,whankard1z,bS7'~Amcv/B0#.,1544 Reinke Crossing,345-969-9762,whankard1z@youku.com
73,Maureen,Boden,mboden20,mV1+m{$i/,180 School Road,594-635-7133,mboden20@amazonaws.com
74,Verna,Brychan,vbrychan21,oI7`7{En*x\,82 Londonderry Alley,970-477-5938,vbrychan21@cbslocal.com
75,Austin,Camel,acamel22,"lR2?x_e0"".NB",881 Reindahl Parkway,954-391-4733,acamel22@go.com
76,Gilberte,Bartleet,gbartleet23,"sZ9+d,oJK""",6327 Milwaukee Junction,232-609-4712,gbartleet23@merriam-webster.com
77,Jerry,Venus,jvenus24,"tK0!o""c8>th!",59 Holmberg Pass,893-307-3841,jvenus24@over-blog.com
78,Mata,Evitts,mevitts25,qZ4<xPhLu',61443 Mariners Cove Parkway,558-943-9455,mevitts25@hp.com
79,Cornall,Barkus,cbarkus26,"dI1\elK,$UHM?3d<",7 Sunfield Plaza,785-821-8790,cbarkus26@pagesperso-orange.fr
80,Martyn,Tippell,mtippell27,fY7|DToL@*#h$NH,86249 Redwing Drive,591-520-4568,mtippell27@domainmarket.com
81,Britni,Cousans,bcousans28,"gS2""SsMmMS+E\",669 Dahle Alley,714-666-8257,bcousans28@washingtonpost.com
82,Stacee,Floodgate,sfloodgate29,qS4$9?2WL#VB,2554 Jay Way,680-314-7530,sfloodgate29@imgur.com
83,Gerry,Longland,glongland2a,fW9%@fqZ.,099 Jay Street,528-178-1561,glongland2a@privacy.gov.au
84,Ertha,Botterman,ebotterman2b,bX1((e1w,386 Bellgrove Alley,949-466-9083,ebotterman2b@squidoo.com
85,Nerissa,Kohler,nkohler2c,iY8_cNcx,7142 Reindahl Hill,961-378-3686,nkohler2c@blinklist.com
86,Blaine,Shafier,bshafier2d,gJ0`R.T63ADl,059 Waxwing Junction,604-111-0712,bshafier2d@sun.com
87,Kelila,Signori,ksignori2e,qU1~M6(rO|s_,41 Derek Drive,387-641-7780,ksignori2e@shop-pro.jp
88,Hermia,Ferenc,hferenc2f,"aZ9_3hy~,",2715 Merry Alley,799-553-7032,hferenc2f@examiner.com
89,Euell,Strelitzki,estrelitzki2g,"eL8""QIQ&kCyI/?",1788 Bunker Hill Avenue,947-101-5609,estrelitzki2g@indiegogo.com
90,Bernadina,Mansford,bmansford2h,uB0!eW.AaVd6,9 Prentice Road,491-765-4843,bmansford2h@amazon.co.uk
91,Stephine,Garlick,sgarlick2i,xX9=hDtN3%,724 Gina Center,706-962-6440,sgarlick2i@lulu.com
92,Tadeas,McNickle,tmcnickle2j,"jT8""fud`Y",3075 Brown Hill,960-184-0839,tmcnickle2j@nymag.com
93,Lilli,Prest,lprest2k,qW4{*w<F?vpxMj%,3457 Hagan Drive,107-733-0032,lprest2k@cdbaby.com
94,Inez,MacClure,imacclure2l,fY2!jB!N&m4o,4373 Sage Avenue,338-804-1030,imacclure2l@vk.com
95,Brynn,Ponder,bponder2m,sU7'd4cg'W!V,8 Vermont Drive,413-555-8017,bponder2m@opera.com
96,Garald,Haxbie,ghaxbie2n,"dK0,IFt6K%)Nw~M",608 La Follette Place,347-282-4208,ghaxbie2n@jugem.jp
97,Joice,Wheway,jwheway2o,rX8`Y>R'aX,0 Hudson Court,111-714-6457,jwheway2o@house.gov
98,Willdon,Finlayson,wfinlayson2p,qU8'=\3U3,53 Everett Place,367-903-2241,wfinlayson2p@acquirethisname.com
99,Lurleen,Macellar,lmacellar2q,rP7&4'iVy}WJ~&D1,380 Milwaukee Terrace,818-580-4316,lmacellar2q@wired.com
100,Amy,Bride,abride2r,"cH2,SEAh",1 Havey Park,794-846-1110,abride2r@merriam-webster.com
101,Gasper,Pleasance,gpleasance2s,mQ9(+}(.uS_P,211 Kingsford Park,645-116-6865,gpleasance2s@acquirethisname.com
102,Janaya,Giffard,jgiffard2t,wV6\U4W4,85383 2nd Pass,698-604-8213,jgiffard2t@slate.com
103,Celle,Kleinmann,ckleinmann2u,gD9!e7%5&C~J!0n,46 Gulseth Street,779-709-0950,ckleinmann2u@bandcamp.com
104,Loy,Pates,lpates2v,xO5>'b*3e+*,383 Dunning Center,795-977-0718,lpates2v@sciencedirect.com
105,George,Ivamy,givamy2w,uV8.>g4R0,4 Waywood Alley,210-176-0285,givamy2w@gov.uk
106,Onfre,Duker,oduker2x,jT0@6R9*,07413 Surrey Way,473-691-2862,oduker2x@shutterfly.com
107,Wylma,O'Lenechan,wolenechan2y,aV7(/PU>l>,6830 Cascade Parkway,201-957-8929,wolenechan2y@nifty.com
108,Ysabel,Glasser,yglasser2z,aC5(a3kSuE,424 Portage Hill,972-756-2809,yglasser2z@dailymail.co.uk
109,Alejandrina,Ionesco,aionesco30,"tZ5/,b<9*CL,(HH",8049 Larry Point,371-535-7861,aionesco30@time.com
110,Donnell,Skellion,dskellion31,eK8|8>wF&BK*934,03427 Eagle Crest Drive,736-245-0231,dskellion31@msn.com
111,Brit,Steane,bsteane32,"yD2+njVD,}+",90048 Grover Trail,945-810-8211,bsteane32@wunderground.com
112,Dotty,Lindley,dlindley33,gP7>P\X~,6213 Chinook Drive,500-557-7236,dlindley33@squidoo.com
113,Marrissa,Claringbold,mclaringbold34,dS1'Fr.h+yIia,19147 Esch Plaza,366-993-2836,mclaringbold34@discuz.net
114,Lavinia,Cyster,lcyster35,oO0~ttee%8_,693 Hoepker Alley,616-579-5909,lcyster35@java.com
115,Liam,O'Hare,lohare36,lC3#pYqt(db=bSwO,2 Dawn Avenue,988-619-9876,lohare36@mapy.cz
116,Elaina,Perris,eperris37,oR7&Sj>__Jva,05 Bellgrove Circle,903-145-9292,eperris37@utexas.edu
117,Kleon,Gosart,kgosart38,jW3?q+6I,50 Amoth Plaza,785-699-3319,kgosart38@cyberchimps.com
118,Dalt,Melloi,dmelloi39,aI0_NTE?w*4,58 Shelley Street,334-359-4151,dmelloi39@yelp.com
119,Berti,Tomkins,btomkins3a,cU4$VS}S5ze,0 Sutteridge Plaza,543-414-0621,btomkins3a@eepurl.com
120,Agata,Sarjeant,asarjeant3b,"gM8@r%cH63Skd,$c",44 Gulseth Place,587-912-6801,asarjeant3b@yahoo.com
121,Junette,Toor,jtoor3c,"jT6>Q/zj0k""5=",40 Farmco Alley,387-545-2219,jtoor3c@apache.org
122,Ludovika,Sandy,lsandy3d,dP6*5B|&~Ets,54078 Claremont Pass,987-238-7162,lsandy3d@usda.gov
123,Marcello,Lampitt,mlampitt3e,eJ8=(8n+Cs7U?s,933 Parkside Circle,794-510-7834,mlampitt3e@bing.com
124,Ursula,Chadwell,uchadwell3f,rI3*J.+Pl,2823 Lake View Court,545-596-7079,uchadwell3f@g.co
125,Fritz,Josipovitz,fjosipovitz3g,"pV3,Cb}Cixi",71128 Brown Way,100-538-9974,fjosipovitz3g@statcounter.com
126,Rafaelita,Havvock,rhavvock3h,uR9<L21NT|{Nr~,7 Fisk Drive,938-545-9757,rhavvock3h@t-online.de
127,Justina,Jinkins,jjinkins3i,lH8|vY0LKKPVk,781 Tennessee Center,185-523-8397,jjinkins3i@spiegel.de
128,Rees,Lippi,rlippi3j,uA5.XC&hMw>%U%rp,3796 5th Way,995-610-0578,rlippi3j@tripadvisor.com
129,Nanon,Olliff,nolliff3k,lN3$vy2H~2y,6 Clove Terrace,976-674-6906,nolliff3k@whitehouse.gov
130,Berne,Custed,bcusted3l,"kF1!~Us3,#I3ayxf",83 Kennedy Plaza,785-782-4429,bcusted3l@uol.com.br
131,Valerie,Torrie,vtorrie3m,"fE0_""8lJ",267 Muir Court,869-915-9105,vtorrie3m@dedecms.com
132,Hollis,Oslar,hoslar3n,zY6*JPVWH&7?~,4313 Lien Alley,667-191-5938,hoslar3n@wired.com
133,Sybyl,Grigolashvill,sgrigolashvill3o,oU3#nqJwAm,441 Burning Wood Plaza,677-620-4643,sgrigolashvill3o@cyberchimps.com
134,Marjorie,Cholwell,mcholwell3p,hI0.{wqZXGlm>,46941 Blue Bill Park Plaza,826-948-0493,mcholwell3p@phoca.cz
135,Tish,Baelde,tbaelde3q,"rX6(M},""u6'",651 Sachtjen Court,564-415-3290,tbaelde3q@wikia.com
136,Emyle,Looney,elooney3r,sV8/KR<&,13 Arrowood Drive,482-862-2815,elooney3r@wikispaces.com
137,Adolphe,Stutely,astutely3s,uI1#.>%J%I,3 Stephen Plaza,866-159-2511,astutely3s@liveinternet.ru
138,Pearl,Bashford,pbashford3t,"oE0~,$!Dh67",3 Petterle Hill,831-861-5795,pbashford3t@prweb.com
139,Giovanni,Lucock,glucock3u,tS1'/y=dM}&8+,6314 Norway Maple Plaza,379-162-8939,glucock3u@google.fr
140,Viv,Inglish,vinglish3v,rM6<1TTB~,07 Mandrake Drive,716-417-2821,vinglish3v@ow.ly
141,Christen,Simonini,csimonini3w,pT5*=m$C)U%idy_t,94913 Kings Pass,411-514-2890,csimonini3w@phpbb.com
142,Colene,Brasher,cbrasher3x,"uW4,3oTL`$L4",5 Anderson Center,404-507-9109,cbrasher3x@jigsy.com
143,Delaney,Vivers,dvivers3y,gG9~0ZvsTV,28567 Mockingbird Road,781-532-8129,dvivers3y@cam.ac.uk
144,Colette,Coal,ccoal3z,"hF4""(cB2z5L",28 Northview Lane,251-532-8049,ccoal3z@pbs.org
145,Bettye,Telezhkin,btelezhkin40,tA5)roXeCm|QRhJ,571 Basil Pass,391-584-8774,btelezhkin40@admin.ch
146,Kamillah,Patterson,kpatterson41,xJ8>a3#%vw,06005 Dexter Drive,637-703-5135,kpatterson41@barnesandnoble.com
147,Orson,Lombard,olombard42,kG1/t%_Yqs,5698 Merry Circle,436-135-0561,olombard42@boston.com
148,Domingo,Heigho,dheigho43,xU6*T<j+ID,5798 Lien Court,188-503-2301,dheigho43@statcounter.com
149,Hakim,Coathup,hcoathup44,eJ0@rvBkdo5&)bWx,100 Fremont Circle,222-247-7207,hcoathup44@phpbb.com
150,Janelle,Woffenden,jwoffenden45,"rH2#""KGMXe7R\",85158 Sherman Center,573-851-7074,jwoffenden45@cnet.com
151,Mab,Burr,mburr46,qO1~<APIXL,263 Anthes Place,535-731-3196,mburr46@people.com.cn
152,Hilda,Bemand,hbemand47,iA6+gwP.,4149 Welch Court,777-317-4125,hbemand47@virginia.edu
153,Alberto,Scase,ascase48,"dR2),%?J9%CU*",497 Superior Court,589-964-5305,ascase48@ftc.gov
154,Dougy,Kilby,dkilby49,"vF9#=@wWl""k",9846 Red Cloud Road,234-261-7786,dkilby49@qq.com
155,Merilee,Scrivner,mscrivner4a,xC1!Z`.Ju0EZ=*>,60 Bellgrove Trail,540-140-4921,mscrivner4a@who.int
156,Kendricks,Towson,ktowson4b,uP1#X=SBHgfOF8,89 Nova Hill,630-581-7198,ktowson4b@dropbox.com
157,Kai,Tulloch,ktulloch4c,xR6}F0lcEw7{,2 Anhalt Court,505-304-5555,ktulloch4c@lulu.com
158,Harriott,Gamlin,hgamlin4d,vE5*<X&5K`aeMb,4 Manufacturers Court,908-776-6057,hgamlin4d@webeden.co.uk
159,Rosalinde,Dunnaway,rdunnaway4e,rX7|.L?{,4 Reinke Crossing,937-126-9242,rdunnaway4e@yandex.ru
160,Amalia,Shipp,ashipp4f,"uB3""iA""*@jf|Ws",15159 Rusk Parkway,318-119-0390,ashipp4f@nasa.gov
161,Marcia,Kryszka,mkryszka4g,vR8/M'p7,32 Clyde Gallagher Circle,790-785-3181,mkryszka4g@wsj.com
162,Karrah,Meere,kmeere4h,dX9{ia@NkAGPn,2689 Evergreen Center,430-130-2300,kmeere4h@who.int
163,Susi,Spooner,sspooner4i,bN0%k4GjsF_\(5,81224 Jay Center,485-641-7479,sspooner4i@mapquest.com
164,Faunie,Brabbins,fbrabbins4j,kF8#ECY93={+.(,8 Tennessee Point,840-427-4036,fbrabbins4j@addtoany.com
165,Casandra,Christene,cchristene4k,aJ9\g.RvPBD>,27 Spenser Street,862-785-8539,cchristene4k@ibm.com
166,Silvanus,Khotler,skhotler4l,sX7&m`w/Ur>,975 Maywood Parkway,155-632-7605,skhotler4l@trellian.com
167,Cristy,Kilcullen,ckilcullen4m,hX9.v0W4|,63463 Glacier Hill Hill,127-990-1507,ckilcullen4m@tripod.com
168,Wayne,Bendon,wbendon4n,mT1+6|f%u~~,23784 Warner Way,161-647-9592,wbendon4n@bravesites.com
169,Orin,Mapledoram,omapledoram4o,jU2@\fv$@zno$.,0 Saint Paul Place,174-566-0469,omapledoram4o@opensource.org
170,Michail,McCourtie,mmccourtie4p,jA7*cOH39J,70639 Monument Road,553-519-7490,mmccourtie4p@cafepress.com
171,Jonathon,Alywen,jalywen4q,aL6~p&MNyxZY(,2806 Bonner Plaza,568-135-2629,jalywen4q@mapy.cz
172,Rogers,Trownson,rtrownson4r,gA7@#IhYP,26 Hollow Ridge Crossing,904-499-3760,rtrownson4r@wired.com
173,Nollie,Cristoforetti,ncristoforetti4s,yN8/T/c9tcR,12586 Sunnyside Place,215-748-8286,ncristoforetti4s@arstechnica.com
174,Ronda,Mattingley,rmattingley4t,nO5}>s#?cvWv'`{,5536 Fair Oaks Drive,886-953-3084,rmattingley4t@cisco.com
175,Colline,Fishley,cfishley4u,bX2(I`HfAY+C,18731 Division Plaza,955-605-2957,cfishley4u@pinterest.com
176,Bree,Camell,bcamell4v,"eV8""{6(0m{O",30 Anderson Trail,973-479-6965,bcamell4v@youtube.com
177,Bobbi,Goodbairn,bgoodbairn4w,"yA5/,/B}<r!""7k",8710 Ohio Junction,906-436-3204,bgoodbairn4w@dagondesign.com
178,Fredelia,Frobisher,ffrobisher4x,zI9#DPK2,1018 Truax Alley,639-679-1766,ffrobisher4x@howstuffworks.com
179,Dinah,Hallex,dhallex4y,tS0|<zzQG4w,6201 Iowa Drive,313-449-9198,dhallex4y@wikimedia.org
180,Maudie,Tivers,mtivers4z,gD4~5&v1&eV'!zw,2 Jana Park,665-781-0759,mtivers4z@liveinternet.ru
181,Zoe,Gilliam,zgilliam50,zT8@NJmff{,759 Oriole Plaza,374-891-2275,zgilliam50@who.int
182,Kelly,Skittreal,kskittreal51,"tZ7\)m,\|<3rO4H",3594 Anzinger Park,649-472-2204,kskittreal51@weather.com
183,Randi,Bedder,rbedder52,gY5{ItB\,0563 Blue Bill Park Plaza,452-840-5609,rbedder52@feedburner.com
184,Channa,Izat,cizat53,qA0`8)B#,6 Bartillon Plaza,711-159-1863,cizat53@networksolutions.com
185,Tedi,Shepherdson,tshepherdson54,jG8+`=KaoxfmcM+3,53 Warbler Place,541-838-4706,tshepherdson54@over-blog.com
186,Raoul,Stanmore,rstanmore55,qW3%ScOX/Z}7>o,6 Roth Pass,866-699-0467,rstanmore55@typepad.com
187,Giffie,Heady,gheady56,"xQ3=""ae}Mo",6 Scott Way,126-175-8462,gheady56@epa.gov
188,Markos,Ahrendsen,mahrendsen57,jI1#\jq88m,8651 Anniversary Park,800-269-4516,mahrendsen57@answers.com
189,Chaddy,Rickertsen,crickertsen58,"bE2<%'y,WfG",60 Susan Avenue,203-748-3704,crickertsen58@geocities.jp
190,Betty,Edgerly,bedgerly59,vO2>+*%RDbb?,51 Warner Crossing,577-763-8526,bedgerly59@vk.com
191,Kaye,Jeans,kjeans5a,lX4>tLE.`8>{p*&,3 Lakewood Hill,398-719-2732,kjeans5a@accuweather.com
192,Louie,Cord,lcord5b,qP9+e#Xw`},64447 Texas Circle,683-167-6879,lcord5b@paginegialle.it
193,Ruy,Veschambre,rveschambre5c,bV6+.AqN,76 Mayfield Plaza,430-328-2866,rveschambre5c@domainmarket.com
194,Mal,Camamill,mcamamill5d,zE7$URESuQn6i,38854 Fairfield Point,976-672-2471,mcamamill5d@chronoengine.com
195,Amalle,Burnand,aburnand5e,uD7#NsxM,966 Mandrake Hill,959-635-4080,aburnand5e@dyndns.org
196,Konstantine,McPolin,kmcpolin5f,uG2%NLd{Q,4903 Loomis Court,453-593-6505,kmcpolin5f@etsy.com
197,Mariska,Chellingworth,mchellingworth5g,gW4#A_.Q,46 Granby Way,824-622-7722,mchellingworth5g@thetimes.co.uk
198,Sheffy,Abela,sabela5h,rR5&FteR0h>`@@,6 Heffernan Way,268-986-2639,sabela5h@intel.com
199,Ruby,Roskrug,rroskrug5i,qJ9(YyJB,2145 Stoughton Junction,914-325-8110,rroskrug5i@msn.com
200,Nathan,Garton,ngarton5j,tC1?fFd%B>&}Dc,218 Lotheville Trail,360-663-9061,ngarton5j@tinypic.com
201,Alexia,Quincey,aquincey5k,"rK8_4V""ym6r/ys3(",189 Cardinal Center,628-532-3159,aquincey5k@patch.com
202,Marisa,Sparry,msparry5l,eB7+!T%aUYc,80 Green Road,733-157-9474,msparry5l@cam.ac.uk
203,Tobit,Axton,taxton5m,"kE4,D$nI0njzyJu",88 Green Ridge Drive,996-713-6489,taxton5m@ca.gov
204,Hobart,Kyte,hkyte5n,oO5|jgE#kg?MBU,3630 Dakota Trail,283-144-6149,hkyte5n@baidu.com
205,Carny,McKnockiter,cmcknockiter5o,sK8{4{hGd?a'Z=~E,1716 Kropf Place,610-146-9348,cmcknockiter5o@paypal.com
206,Stevie,Consadine,sconsadine5p,eE9~un&qgp,96438 Mcbride Center,127-811-0847,sconsadine5p@scientificamerican.com
207,Constancy,Bowlesworth,cbowlesworth5q,dY6{3{o},492 Vera Parkway,629-105-5510,cbowlesworth5q@twitter.com
208,Bernard,Dedney,bdedney5r,mQ8@92mW~3,1289 Grover Hill,298-217-2722,bdedney5r@imdb.com
209,Bird,Camp,bcamp5s,uV5#V@R*NKsO,805 Sunnyside Alley,806-398-5779,bcamp5s@ibm.com
210,Letta,Pedrocchi,lpedrocchi5t,xI6+q$nGj5,44 Scott Point,181-534-1235,lpedrocchi5t@latimes.com
211,Cesare,Hegg,chegg5u,aO0%=kG`u|S*0,8433 Bashford Alley,665-132-7804,chegg5u@tuttocitta.it
212,Shurlock,Coping,scoping5v,vI0`KsRI,3727 Bultman Avenue,658-723-9394,scoping5v@earthlink.net
213,Nessy,Dibdale,ndibdale5w,mW8*nw3#8jM0{A>,2646 Weeping Birch Alley,330-519-5206,ndibdale5w@cbslocal.com
214,Roley,Pitchford,rpitchford5x,bB0&WwU4qydD,0 Calypso Park,599-426-3565,rpitchford5x@foxnews.com
215,Haily,Cave,hcave5y,fN4`a`|gbeV,88554 Mccormick Parkway,391-590-7971,hcave5y@vimeo.com
216,Glynis,Brabender,gbrabender5z,mL6#7YzM,180 Spenser Lane,494-504-6261,gbrabender5z@ning.com
217,Fred,Bravery,fbravery60,tW1@26v5USiX>'K,61 Elgar Parkway,978-675-2682,fbravery60@theatlantic.com
218,Elmira,Pennigar,epennigar61,"tG6"",7iN&&6jHz9",5962 Dryden Circle,361-446-0808,epennigar61@wix.com
219,Pippy,Durrans,pdurrans62,wG5'ekue>qdiy7v(,28 Anderson Circle,348-964-8216,pdurrans62@desdev.cn
220,Sansone,Errett,serrett63,"tQ9&iX,`B",106 International Pass,717-269-3344,serrett63@aboutads.info
221,Sissy,Chasier,schasier64,iS9|Wca.,86 Debra Way,892-612-7450,schasier64@is.gd
222,Edita,Boshere,eboshere65,"zO3)1NQ}\h,%t,",979 Karstens Terrace,631-254-5731,eboshere65@lulu.com
223,Hewie,Ransom,hransom66,"rQ4,9ULF~}{SV}",077 Loomis Lane,259-960-0594,hransom66@people.com.cn
224,Renate,Pacher,rpacher67,xU7<AbfolU,7 Loftsgordon Center,276-162-5754,rpacher67@usnews.com
225,Erie,Farlham,efarlham68,zX7$ZB<Z4oTS,1792 Mesta Park,750-394-4853,efarlham68@sciencedaily.com
226,Brigit,Demangeon,bdemangeon69,"eK0,\9)SbOJ.",5760 Anthes Trail,507-451-7462,bdemangeon69@macromedia.com
227,Viola,Gibb,vgibb6a,hI2?Ce?cr,9 Lakewood Court,433-948-1098,vgibb6a@wix.com
228,Daron,Summerson,dsummerson6b,xL4'fUIfY/w(N+*6,8 Rieder Park,298-849-6907,dsummerson6b@unc.edu
229,Juditha,Nelsen,jnelsen6c,zG2|RLQb=6~U,103 Oak Way,513-495-9497,jnelsen6c@list-manage.com
230,Micah,Aglione,maglione6d,"sV3,VCuv,4IQKb+",40921 Hansons Center,276-462-6560,maglione6d@boston.com
231,Clarissa,Prudham,cprudham6e,tI1@YTN@,8 Vera Place,891-152-0669,cprudham6e@wikipedia.org
232,Odelia,Masterson,omasterson6f,hP9.JXX1j.,1995 Acker Junction,978-361-2131,omasterson6f@tinypic.com
233,Leta,Sandbrook,lsandbrook6g,oN8(!oXOMudLr5,48 Helena Avenue,870-263-3338,lsandbrook6g@samsung.com
234,Buckie,Brechin,bbrechin6h,mW3<KDvBx{x,5 Sachs Center,802-486-6949,bbrechin6h@amazon.de
235,Mick,Clampin,mclampin6i,mF3~&Hx?VDUw5,6 Hoepker Parkway,270-479-0277,mclampin6i@discuz.net
236,Tudor,Abramamovh,tabramamovh6j,kC5@c3mg~,54656 Onsgard Point,902-597-1762,tabramamovh6j@blogs.com
237,Nerita,Lavalle,nlavalle6k,kY2#{HC8NI,657 Canary Way,233-125-1311,nlavalle6k@omniture.com
238,Torey,Mackerness,tmackerness6l,xJ8~qBlo,37 Fairfield Junction,975-299-5899,tmackerness6l@topsy.com
239,Ulrike,Ruppelin,uruppelin6m,uM4|yf}%OzI@%,86 Hansons Crossing,723-467-6043,uruppelin6m@prnewswire.com
240,Simeon,Maliphant,smaliphant6n,uO9$udle3=p,493 Springs Plaza,703-681-6648,smaliphant6n@mapy.cz
241,Buck,Minci,bminci6o,mU2>w/>k,72918 Scott Lane,942-111-8528,bminci6o@toplist.cz
242,Giacobo,Siviour,gsiviour6p,dB3'cBsShspO)Ud,588 Shoshone Alley,280-244-6751,gsiviour6p@imdb.com
243,Dennie,Whiteoak,dwhiteoak6q,zT7+2CN?,415 Oxford Junction,336-707-7155,dwhiteoak6q@washington.edu
244,Chrystel,Geany,cgeany6r,eI1=EAYr,952 American Ash Center,477-297-5139,cgeany6r@bandcamp.com
245,Philomena,Fordyce,pfordyce6s,"cR1.$S(>,cBF<_T",11040 Kennedy Trail,567-893-5668,pfordyce6s@mlb.com
246,Mildrid,Olenin,molenin6t,uC3*%nNOgJ6qw_*+,4122 Duke Circle,568-210-5553,molenin6t@huffingtonpost.com
247,Catlee,Payler,cpayler6u,kD7@emrsX\,2331 Forest Dale Terrace,199-789-9603,cpayler6u@ameblo.jp
248,Therine,Byron,tbyron6v,"dS3@sQMkgAU""",00445 Northland Point,216-768-0619,tbyron6v@4shared.com
249,Marina,Oiller,moiller6w,vM2%3tUSQQ#mJ`',86717 Paget Alley,545-699-0762,moiller6w@xinhuanet.com
250,Jessamine,Loody,jloody6x,vA3(w|Alfs,2198 Thackeray Terrace,617-975-7434,jloody6x@gmpg.org
251,Robinia,Rozalski,rrozalski6y,xS4$b/&k,439 6th Avenue,884-200-9733,rrozalski6y@tinyurl.com
252,Danit,Selburn,dselburn6z,jB1#tjXzJ,242 Forest Run Avenue,532-917-6237,dselburn6z@a8.net
253,Tate,Thonason,tthonason70,xN3'qlP458Cf3!v(,770 Rockefeller Way,238-686-1597,tthonason70@issuu.com
254,Etheline,Crosen,ecrosen71,cV7%DV3QRQ,6 Raven Way,301-277-2778,ecrosen71@gov.uk
255,Zebedee,Lambrechts,zlambrechts72,pV1#x3(eA&u,02298 Laurel Center,381-462-2406,zlambrechts72@go.com
256,Anatollo,Bly,ably73,nQ6/MK}llN!,54083 Parkside Avenue,638-384-6345,ably73@so-net.ne.jp
257,Aura,Clement,aclement74,nZ1+V5Jg/ql>{uB,45598 Elmside Point,583-436-6436,aclement74@sourceforge.net
258,Thomasina,Leisk,tleisk75,iK7/>o\f>ACFkR(,46 Pennsylvania Street,486-139-4562,tleisk75@sfgate.com
259,Rad,Simeoli,rsimeoli76,nM0=aIAg9${$VG5,8 East Drive,607-560-4967,rsimeoli76@free.fr
260,Donavon,Costin,dcostin77,cB2>>9c<,8 Anhalt Avenue,316-332-7398,dcostin77@rakuten.co.jp
261,Baryram,Abbatucci,babbatucci78,"wK3>Vv{Q,9w",8294 Vernon Crossing,384-814-1125,babbatucci78@mapquest.com
262,Titus,Yurivtsev,tyurivtsev79,oS1}p6TF,1968 Fairfield Road,138-935-3880,tyurivtsev79@usgs.gov
263,Howie,Awton,hawton7a,tH3?07hfqj>U{,7 Sycamore Avenue,481-449-6162,hawton7a@livejournal.com
264,Baxie,Frere,bfrere7b,eM4?tJT5?U40,106 Everett Alley,620-980-7835,bfrere7b@nih.gov
265,Faye,Houltham,fhoultham7c,"uA5!""vBlPGINo}k#",28453 Darwin Crossing,707-411-4329,fhoultham7c@phoca.cz
266,Rhody,Rigler,rrigler7d,tQ3*QMzTB#R'.}\,82358 Basil Point,103-802-6990,rrigler7d@paypal.com
267,Quintin,Allinson,qallinson7e,mS4~Niab,65 Wayridge Lane,651-496-5769,qallinson7e@purevolume.com
268,Eldridge,Henrion,ehenrion7f,nQ7#auCp,378 Waubesa Road,762-615-7706,ehenrion7f@sfgate.com
269,Junie,Swindall,jswindall7g,"dA9""X1enH3gm4",841 Haas Parkway,386-481-3637,jswindall7g@utexas.edu
270,Lian,Yegorchenkov,lyegorchenkov7h,fJ5_qT31K<,40553 American Place,959-388-9460,lyegorchenkov7h@moonfruit.com
271,Sibyl,Hake,shake7i,aM0~ar}<G3l8,17263 Steensland Avenue,184-381-6286,shake7i@unicef.org
272,Ingaberg,Archdeckne,iarchdeckne7j,nV0(1h3Qt|z&8!U0,69 Ramsey Pass,254-951-0731,iarchdeckne7j@un.org
273,Christina,Menere,cmenere7k,yY6>6e~aeGvAin(,99 Lakeland Street,849-854-9200,cmenere7k@scribd.com
274,Theodor,Sugge,tsugge7l,"fQ9}J{G(""I"".",6 Fairview Junction,158-236-6393,tsugge7l@multiply.com
275,Eleonora,Sicha,esicha7m,eB4(n8Dtq8/,10806 Arkansas Place,913-198-6182,esicha7m@1und1.de
276,Jasmin,Poznanski,jpoznanski7n,"nX7*B""k&!.",2980 Westerfield Way,286-165-5121,jpoznanski7n@fda.gov
277,Tomas,Lind,tlind7o,hC8{kl_9Tan9e5/&,10976 Moulton Alley,321-550-7955,tlind7o@sohu.com
278,Julie,Kliesl,jkliesl7p,kS4*<b=LT,8324 Lakewood Lane,812-605-4931,jkliesl7p@hexun.com
279,Curtice,Humpatch,chumpatch7q,aS5%lQ=b,3 Bultman Terrace,246-976-6288,chumpatch7q@tinypic.com
280,Fabiano,Dawby,fdawby7r,yW3=s%}C\TEx#,1 Wayridge Pass,221-298-3063,fdawby7r@gnu.org
281,Nigel,Chadderton,nchadderton7s,bK5%#I{'Ja,15153 Village Crossing,903-829-4796,nchadderton7s@phpbb.com
282,Elianora,Rauprich,erauprich7t,dL9$SDnLyN#r,96198 Waxwing Avenue,825-247-2493,erauprich7t@adobe.com
283,Towny,Paddefield,tpaddefield7u,uP2(bo?xw2z?5,3 Holy Cross Hill,492-564-4692,tpaddefield7u@booking.com
284,Abagail,Ibell,aibell7v,oS3&o+0rvJz.I,555 Longview Court,851-983-7702,aibell7v@springer.com
285,Audra,Macek,amacek7w,gC8@nW(I,68234 David Pass,414-459-0541,amacek7w@npr.org
286,Shina,De Souza,sdesouza7x,iR0{ZmY!Oh)!2b,977 Oak Place,390-785-7599,sdesouza7x@state.gov
287,Hedy,Boarder,hboarder7y,aR9`>n?3f@,45 Utah Park,253-582-6475,hboarder7y@upenn.edu
288,Monti,Keizman,mkeizman7z,jR5)2{PaT5?b<vD,558 Burning Wood Hill,153-752-1373,mkeizman7z@npr.org
289,Gertrude,Mordie,gmordie80,aZ2~M%5f|Qt6/mFB,04995 North Way,507-174-2992,gmordie80@umich.edu
290,Whit,Talby,wtalby81,"yH6@,ez{",831 Sachs Way,225-310-9472,wtalby81@fda.gov
291,Arlinda,Assante,aassante82,uF2_`bCdY$%R,1973 West Point,527-126-4249,aassante82@latimes.com
292,Jasun,Becerra,jbecerra83,mM1>4gqppP,89479 Loftsgordon Junction,586-551-2683,jbecerra83@1688.com
293,Karna,Elcom,kelcom84,"kQ7!j_c\w,'g",418 Bobwhite Crossing,267-128-5654,kelcom84@e-recht24.de
294,Elayne,Wannan,ewannan85,bP8`dBmMnN/Kr,1974 Stone Corner Trail,214-588-5683,ewannan85@github.com
295,Adelaida,Skirlin,askirlin86,uV7$O8@nZD}cV!>,58950 Schlimgen Lane,459-784-6229,askirlin86@eepurl.com
296,Clive,Luxmoore,cluxmoore87,fX5{L'jCdpzxu,64562 Dorton Alley,146-221-2819,cluxmoore87@blogspot.com
297,Ezekiel,Pawelski,epawelski88,aZ6}|I\X\U>,0 Superior Court,674-329-5059,epawelski88@tamu.edu
298,Edsel,Powling,epowling89,uU7>E6O<xyPo|UMm,4147 Dovetail Crossing,175-118-3037,epowling89@t.co
299,Andreana,Lace,alace8a,mV2+(PkhbUTO1>k,8 Messerschmidt Parkway,711-418-9536,alace8a@com.com
300,Homer,Matis,hmatis8b,"eW6(W73nSprp<~,",120 Roth Alley,699-610-7447,hmatis8b@harvard.edu
301,Bride,Joutapavicius,bjoutapavicius8c,jY3~rjHGA2*iO<G,6 Stoughton Park,646-819-4374,bjoutapavicius8c@jalbum.net
302,Guilbert,Berre,gberre8d,dO1*&I$K,2 Washington Plaza,567-706-9819,gberre8d@arstechnica.com
303,Korella,Tofful,ktofful8e,hW4}L``a,07728 Mccormick Place,281-480-3257,ktofful8e@ibm.com
304,Betsy,Drayson,bdrayson8f,zN1*kR=M,19 Stang Pass,199-118-6835,bdrayson8f@tmall.com
305,Douglas,Killelay,dkillelay8g,xY9&?17Tnr+mWPh,90 Northridge Junction,406-560-7027,dkillelay8g@ocn.ne.jp
306,Lil,Caffery,lcaffery8h,"cG5<bK+?"">jz_oDY",95 Logan Street,912-895-0373,lcaffery8h@phoca.cz
307,Knox,Hayne,khayne8i,mZ1%WmiJ,4144 Butterfield Center,440-474-9114,khayne8i@yellowpages.com
308,Saul,Bielfeld,sbielfeld8j,cA7'h*rB6_|id1!{,5678 Cascade Center,552-604-5649,sbielfeld8j@comcast.net
309,Joell,Colley,jcolley8k,uQ4)jhWW5,76177 Hoffman Alley,981-731-8836,jcolley8k@google.it
310,Vinson,Durston,vdurston8l,xJ2/EC>g,9783 Bayside Pass,371-938-7725,vdurston8l@pinterest.com
311,Aryn,Behnecke,abehnecke8m,"bV8\K{)g|""",680 Florence Parkway,708-281-8721,abehnecke8m@independent.co.uk
312,Worden,Rosebotham,wrosebotham8n,bU3+'qlGE>&@_(,519 Fairview Point,646-606-3390,wrosebotham8n@51.la
313,Clare,Scamerden,cscamerden8o,pN1(iW}N</E,72 Rutledge Street,619-263-3333,cscamerden8o@wp.com
314,Hernando,Vanyarkin,hvanyarkin8p,nP4'_?i#>wtR}tv7,39 Hooker Court,272-477-2237,hvanyarkin8p@fc2.com
315,Coleen,Goodlake,cgoodlake8q,hB4~.{kq0DR,726 Kings Plaza,954-612-2452,cgoodlake8q@tamu.edu
316,Alexandros,McKinnon,amckinnon8r,"qI1\vyHfI2,(d{",0 Summit Crossing,604-890-2831,amckinnon8r@deviantart.com
317,Tatiania,Kynvin,tkynvin8s,oS1+bWFqw{.,76228 Kingsford Trail,774-719-4865,tkynvin8s@meetup.com
318,Rhys,Cary,rcary8t,fM8\R`v<,96 Graceland Parkway,804-617-6139,rcary8t@princeton.edu
319,Babb,Merrikin,bmerrikin8u,sY5\gi1RF_*X.,4 Heffernan Circle,312-107-2451,bmerrikin8u@gizmodo.com
320,Alexi,Morison,amorison8v,uB3$HbZ1jW|fq,516 Maple Wood Pass,515-893-4554,amorison8v@ocn.ne.jp
321,Trev,Elijah,telijah8w,bC8+5VY05EvC>Q}h,7 Pond Junction,996-243-0409,telijah8w@1688.com
322,Rosina,Allerton,rallerton8x,"gT6,l.!u&QY",526 Morning Alley,205-783-0105,rallerton8x@shop-pro.jp
323,Carson,Toombes,ctoombes8y,nN7>?tH0,1446 4th Place,617-575-1701,ctoombes8y@technorati.com
324,Pris,Rapson,prapson8z,"xU6""o7_gIY15",9 Kenwood Parkway,469-530-7206,prapson8z@multiply.com
325,Clarita,Tanby,ctanby90,"sD6?`x|XgK""(",67138 Judy Road,585-526-7363,ctanby90@studiopress.com
326,Kennie,Lerven,klerven91,rM4?Aq9?uJ,4627 Lukken Parkway,374-472-5283,klerven91@clickbank.net
327,Avery,Russan,arussan92,"oH9*%FI=@9,IYx?",5282 Westerfield Way,400-643-0821,arussan92@cdbaby.com
328,Fina,Davet,fdavet93,wB4~!$?pI,0777 3rd Street,404-401-8810,fdavet93@booking.com
329,Florry,Summerlie,fsummerlie94,jL2<g3.6C3si,89 Graedel Center,407-901-5647,fsummerlie94@ox.ac.uk
330,Candide,Simounet,csimounet95,pS8`UmzIw>,41007 Dawn Trail,758-593-3538,csimounet95@jalbum.net
331,Celesta,Armsby,carmsby96,eZ3<`{y.L,2702 Old Shore Crossing,206-353-1273,carmsby96@un.org
332,Nikos,Parradice,nparradice97,"hV3.Eq%s'f<@,Q_$",32 Twin Pines Point,732-460-5781,nparradice97@wordpress.org
333,Ansley,Moizer,amoizer98,iE9|}sV?E5,26695 Aberg Crossing,634-501-4090,amoizer98@aboutads.info
334,Lucio,Noto,lnoto99,mN9!5+~f`jApCSOM,8654 Gerald Point,197-946-8101,lnoto99@wikipedia.org
335,Betteanne,Ottewell,bottewell9a,uQ7\$Z75Ud(R,4 Westend Way,224-103-9487,bottewell9a@java.com
336,Cynthie,Benesevich,cbenesevich9b,"dZ9)p/,P)SSShItf",551 Harper Trail,343-463-1618,cbenesevich9b@amazon.de
337,Stillman,Lambert,slambert9c,wS7!Aeo$#te,79 Shelley Court,117-747-9146,slambert9c@telegraph.co.uk
338,Somerset,Maddison,smaddison9d,"aT6""vT/8mYRfJG",30095 Haas Junction,958-296-0545,smaddison9d@psu.edu
339,Lotte,Fortey,lfortey9e,hS1>z*4.,68 Fremont Court,217-710-2958,lfortey9e@youtube.com
340,Sabra,Sweed,ssweed9f,"fS6*.>.Ub,LgKZ",17344 Sherman Park,596-326-0810,ssweed9f@goo.ne.jp
341,Rebeca,Gorrie,rgorrie9g,yE4`wBRWO/lz,730 Karstens Street,793-724-3207,rgorrie9g@nyu.edu
342,Doris,Daburn,ddaburn9h,fO4(m>`>ne,86 Gale Plaza,791-862-1279,ddaburn9h@census.gov
343,Kali,Uccelli,kuccelli9i,sC2'GKtF.AX,7102 Trailsway Center,465-256-4612,kuccelli9i@myspace.com
344,Kaia,Winder,kwinder9j,kM0@Aw_0J,5 Talisman Road,145-873-7325,kwinder9j@independent.co.uk
345,Lelia,McKibbin,lmckibbin9k,tA1>{{\iCP0,845 Meadow Valley Way,888-467-8563,lmckibbin9k@japanpost.jp
346,Harvey,Maryon,hmaryon9l,"eG0""!D++",695 Welch Pass,561-426-6135,hmaryon9l@theguardian.com
347,Hurley,Summerlie,hsummerlie9m,"wZ4$P@p/NZL|,U",93770 Corscot Drive,628-734-8690,hsummerlie9m@va.gov
348,Albie,Besnard,abesnard9n,lL4\m%Y7z/L,705 Hudson Parkway,308-808-7137,abesnard9n@house.gov
349,Maia,Logsdail,mlogsdail9o,hQ2=_NDrX6nla,87309 Browning Lane,311-960-7281,mlogsdail9o@skype.com
350,Flossy,Edes,fedes9p,nK7/qrQn,25 Annamark Plaza,542-211-8625,fedes9p@sun.com
351,Axel,Bullivant,abullivant9q,"dM7{m.""3z=",81 Manley Plaza,883-387-4246,abullivant9q@nydailynews.com
352,Marve,Rousby,mrousby9r,"fE8,=THE",3 Pearson Plaza,732-291-0043,mrousby9r@youtu.be
353,Dede,Pulsford,dpulsford9s,bO2\K$G},75 Comanche Street,398-670-4605,dpulsford9s@feedburner.com
354,Abba,Rossetti,arossetti9t,eP9~23wT,62985 Northfield Road,965-174-4740,arossetti9t@smugmug.com
355,Greer,Oyley,goyley9u,cI5.#|&o,763 Hovde Way,136-930-0501,goyley9u@nasa.gov
356,Onfre,Gerrit,ogerrit9v,fV4#3G}Lzk,9422 Bunting Crossing,767-843-9898,ogerrit9v@stumbleupon.com
357,Emiline,Foulger,efoulger9w,hG3=@nB!V1,06593 Mayer Way,171-958-7999,efoulger9w@mayoclinic.com
358,Babita,Grouer,bgrouer9x,jT0$FovC,979 Florence Road,707-894-6559,bgrouer9x@mozilla.org
359,Sidney,Eastby,seastby9y,iL2#(hh<,82918 5th Trail,855-885-3660,seastby9y@parallels.com
360,Elaina,Armitage,earmitage9z,"hH7,+NdiQtP|bL",269 American Lane,349-190-0470,earmitage9z@ning.com
361,Sascha,Wilshin,swilshina0,zP9|6'Qoe.E2iUCK,30200 Village Way,264-309-0930,swilshina0@icio.us
362,Ephraim,Joly,ejolya1,fO0>{5{RC9Cii,3 Pearson Plaza,939-662-9781,ejolya1@indiatimes.com
363,Ortensia,Boyford,oboyforda2,"pF8""5%OWf",63178 Warbler Hill,288-936-9684,oboyforda2@shutterfly.com
364,Edgar,Saffle,esafflea3,eG8?OBz$.B'K,9517 Kenwood Court,459-278-8896,esafflea3@nydailynews.com
365,Leonerd,Cartmael,lcartmaela4,vT2<&?gZWGgba.,4562 Bayside Pass,798-600-1794,lcartmaela4@de.vu
366,Deck,Phair,dphaira5,fX2~>3me@~S'0~,84746 Karstens Center,930-577-2359,dphaira5@nhs.uk
367,Jolie,Dumper,jdumpera6,"jF8`@s>v""C2)",7734 Daystar Plaza,202-948-5715,jdumpera6@acquirethisname.com
368,Quincy,Tapply,qtapplya7,"gA7$DqeoZ/$4,",4700 Sycamore Street,578-650-0150,qtapplya7@hostgator.com
369,Leslie,Iddons,liddonsa8,bO3_'u4QnYq,589 Thackeray Pass,787-440-3375,liddonsa8@usa.gov
370,Gustaf,Gronauer,ggronauera9,mC8.PI$t,1382 Coolidge Trail,681-203-8890,ggronauera9@chron.com
371,Devon,Skerrett,dskerrettaa,"tD7>M1""""$/_Kd",08 Westend Road,624-912-2291,dskerrettaa@thetimes.co.uk
372,Haily,Huske,hhuskeab,yN9$BI=\YGn4qeiq,14 Clarendon Trail,153-876-8284,hhuskeab@apple.com
373,Sofia,Gouldie,sgouldieac,oO3\YOfVkF4JP,2642 Mockingbird Avenue,856-849-1516,sgouldieac@deliciousdays.com
374,Gypsy,Kirckman,gkirckmanad,fY6*6ZN27RD,3295 Carberry Court,390-557-0158,gkirckmanad@intel.com
375,Andriana,Juan,ajuanae,mM5(p/5Jwa,2 5th Trail,967-198-0257,ajuanae@dagondesign.com
376,Izaak,Dugget,iduggetaf,vM4$w#uO_=&v,63335 Park Meadow Road,631-397-5124,iduggetaf@dyndns.org
377,Myer,Mayhew,mmayhewag,tV5$0>9{Yr,56203 High Crossing Drive,952-907-2017,mmayhewag@netlog.com
378,Christy,Kurt,ckurtah,nQ5>+q%~3oJC7!OY,2 Lighthouse Bay Road,500-586-5420,ckurtah@si.edu
379,Artie,Elsay,aelsayai,eQ4%)96C_,78 Moland Circle,955-728-7825,aelsayai@studiopress.com
380,Allissa,McCaghan,amccaghanaj,cH1_$}T3fk,92 Sheridan Lane,722-698-0151,amccaghanaj@a8.net
381,Brendan,Aldis,baldisak,dR6=B%kI#na}TtF,8119 Bashford Pass,717-152-6593,baldisak@imgur.com
382,Corine,Sterre,csterreal,bR5!.%Y|L5y,724 Manley Park,121-490-3119,csterreal@wired.com
383,Fletcher,Drioli,fdrioliam,eS2&7pA$/l%=P)XB,485 Lakewood Gardens Pass,832-712-7381,fdrioliam@telegraph.co.uk
384,Daisi,Kirsch,dkirschan,"qK5<N*Wj&Ee6,V",53 Oak Avenue,898-995-3842,dkirschan@cmu.edu
385,Adina,Ribchester,aribchesterao,aK3~>*UylaVq@%,1805 Hazelcrest Junction,224-969-2466,aribchesterao@berkeley.edu
386,Dedra,Thomelin,dthomelinap,eP6}<7GiQ,61446 Continental Drive,556-581-4004,dthomelinap@de.vu
387,Patricio,Hatry,phatryaq,yN4=RrjO{$KX_q*K,702 Sachtjen Place,358-106-0709,phatryaq@usatoday.com
388,Ulrich,McDermot,umcdermotar,bJ0~C!${rrL,38174 Raven Center,212-852-9625,umcdermotar@google.co.jp
389,Laureen,O'Lennane,lolennaneas,"dT9$G0c,0th`XBU/",40 Stang Center,901-395-7977,lolennaneas@wiley.com
390,Chiquia,Golbourn,cgolbournat,"pP7+@J"">ZUdUhj|",50822 Moland Way,554-306-3763,cgolbournat@wikia.com
391,Peta,Bett,pbettau,vE7`5yEwGCI,80 Thierer Street,972-232-2807,pbettau@netvibes.com
392,Talbert,Vile,tvileav,"jZ3*\#_Et,",44164 Truax Hill,370-905-0585,tvileav@nba.com
393,Constantino,Seine,cseineaw,eC1*ERoRQRsW3,28 Dixon Point,923-389-3296,cseineaw@cmu.edu
394,Bendicty,Marquet,bmarquetax,xP7+X/uJ?sS,13 Union Parkway,835-710-1364,bmarquetax@lycos.com
395,Min,Slimme,mslimmeay,qL7{cEUVswoM/+|.,27 Lerdahl Pass,899-971-8154,mslimmeay@exblog.jp
396,Modestia,Duro,mduroaz,"fL1_s*sP,X!'5I_",3191 Shasta Point,240-839-6323,mduroaz@sciencedaily.com
397,Chrystal,Harley,charleyb0,uX0`(P&CwD5n#a|,30188 Aberg Road,326-812-4266,charleyb0@cargocollective.com
398,Edwina,Daveren,edaverenb1,nT3'ty0tA',933 Vernon Center,591-551-2530,edaverenb1@jigsy.com
399,Wilton,Percifull,wpercifullb2,nQ5+1M3pD__Rn0ag,752 Coolidge Plaza,638-319-7917,wpercifullb2@facebook.com
400,Amelia,Custance,acustanceb3,mC9_68+A1$HB,1969 Huxley Crossing,135-235-3571,acustanceb3@privacy.gov.au
401,Zora,Leijs,zleijsb4,"zE4)B**p#FoH{""",08627 Elmside Pass,785-793-5239,zleijsb4@booking.com
402,Rina,Collum,rcollumb5,wU1_(j6St87/qn>,3 Northland Trail,943-265-4788,rcollumb5@biglobe.ne.jp
403,Kare,Kersey,kkerseyb6,cQ6>z~0uNN1DZ3s%,6 Sugar Avenue,920-939-8589,kkerseyb6@artisteer.com
404,Jamaal,Bullivent,jbulliventb7,zS8%5(du*,40199 Transport Parkway,300-937-2758,jbulliventb7@arizona.edu
405,Melicent,Janaszewski,mjanaszewskib8,tO2{K#PFoE/HT,735 Maryland Junction,946-384-3063,mjanaszewskib8@dell.com
406,Melania,Clendennen,mclendennenb9,"tR5`i!,3GLMD0FU",54 Cody Terrace,545-239-8952,mclendennenb9@histats.com
407,Laureen,Cownden,lcowndenba,mZ9!RHM_{/Tb*?.S,65925 Eastlawn Hill,211-182-5438,lcowndenba@digg.com
408,Kristen,Donkersley,kdonkersleybb,gL3@Zt<a6iP,0 Nelson Court,961-477-9790,kdonkersleybb@timesonline.co.uk
409,Colleen,Anfusso,canfussobc,kI2%E*$r8~,400 Lakewood Gardens Trail,696-509-3481,canfussobc@dagondesign.com
410,Karmen,Dominique,kdominiquebd,"pU7""dCtZ2SMady`F",2 Graceland Alley,376-720-8442,kdominiquebd@eventbrite.com
411,Rikki,Arrundale,rarrundalebe,zC5|y@fgxE,69823 Susan Point,477-781-9819,rarrundalebe@forbes.com
412,Erinn,Volonte,evolontebf,rD1?Bq}\|,61737 Walton Place,986-157-0305,evolontebf@nifty.com
413,Daniel,Toffalo,dtoffalobg,zX6(n1cL{/,5065 Dixon Center,175-925-7345,dtoffalobg@amazon.de
414,Jilleen,Mableson,jmablesonbh,uT7?xB.l\AE,7 Gerald Trail,769-948-8313,jmablesonbh@independent.co.uk
415,Kalil,Gommey,kgommeybi,"hX1(,sQ!",5 Utah Drive,420-182-7274,kgommeybi@icio.us
416,Marta,Kevis,mkevisbj,bN5@Ep)H,8473 Eastlawn Park,777-948-7348,mkevisbj@macromedia.com
417,Timi,Scargill,tscargillbk,kK0!QsIp&,827 Hallows Court,984-368-3031,tscargillbk@discuz.net
418,Grissel,Cowan,gcowanbl,pT7#a&p|!,41598 Prairie Rose Lane,974-160-7435,gcowanbl@merriam-webster.com
419,Forbes,D'Adamo,fdadamobm,yO3?%2JMJeXjv|B,00 Bunting Junction,940-634-4255,fdadamobm@mit.edu
420,Lonee,Payn,lpaynbn,pG4+f)&TLOP1g,65936 Sachs Lane,126-964-9497,lpaynbn@studiopress.com
421,Winna,Hall-Gough,whallgoughbo,"sU0,k,L%0&3O",6249 Ohio Park,424-923-7471,whallgoughbo@nba.com
422,Bonnie,Larkins,blarkinsbp,nQ6(i*6Gm9h},1 Burning Wood Street,862-662-5569,blarkinsbp@google.it
423,Licha,Lavis,llavisbq,nJ5)MlJh@E,4 Maple Wood Crossing,745-987-0871,llavisbq@mail.ru
424,Roselia,Wilfing,rwilfingbr,bM5.6gQUlG8t,9 Westerfield Junction,744-109-1732,rwilfingbr@ucla.edu
425,Caro,Falla,cfallabs,"cB3,6kDnK",41309 Northwestern Drive,254-891-5233,cfallabs@rambler.ru
426,Nessi,Lansbury,nlansburybt,bQ8=qZf_4Dre3kG,28 Lawn Drive,111-685-2224,nlansburybt@cocolog-nifty.com
427,Guthry,Gino,gginobu,hY0@jHF3/q,0790 1st Road,596-168-3826,gginobu@digg.com
428,Justus,Asprey,jaspreybv,oG1%FSP7RBO%Q,51 Loeprich Drive,589-122-0133,jaspreybv@google.co.uk
429,Bruis,Wreford,bwrefordbw,gT9|6e?H}dp4,018 David Center,314-742-8143,bwrefordbw@storify.com
430,Miof mela,Toten,mtotenbx,tT2?Skp{,3 Waubesa Alley,399-301-3467,mtotenbx@hubpages.com
431,Kelby,Phittiplace,kphittiplaceby,oX5_Dl{)#Z=S'3,38 Bashford Terrace,556-128-3271,kphittiplaceby@admin.ch
432,Ginevra,Reeveley,greeveleybz,gL5=KTrUs,02 Tomscot Lane,858-760-6974,greeveleybz@usda.gov
433,Valenka,Sibbson,vsibbsonc0,"xJ2<""/""#",5 Crownhardt Trail,425-708-6146,vsibbsonc0@google.fr
434,Constantin,Leith,cleithc1,"tA1""AccQ",19 Shelley Trail,130-765-6362,cleithc1@ucoz.ru
435,Heinrik,Veale,hvealec2,dH5!kJEj@DRjf,156 Green Ridge Crossing,241-651-3912,hvealec2@nature.com
436,Dorree,Stollen,dstollenc3,nU2%>py6N9,162 Muir Center,185-210-1817,dstollenc3@dedecms.com
437,Florrie,Catton,fcattonc4,dV2+QZ/P'Q<8Yl,7405 Lake View Hill,221-878-0169,fcattonc4@cornell.edu
438,Devon,Lorenz,dlorenzc5,hT1*GhX(&=,579 Birchwood Point,335-726-9287,dlorenzc5@tinyurl.com
439,Leonerd,King,lkingc6,hE3}SsA0}8,1493 Amoth Junction,442-597-1430,lkingc6@dyndns.org
440,Brig,Breslauer,bbreslauerc7,mE5(wG3Q==@&W,68 American Parkway,587-663-0216,bbreslauerc7@trellian.com
441,Rafa,Adderley,radderleyc8,sP1)?tYZ#b,05424 Transport Alley,205-342-3605,radderleyc8@zimbio.com
442,Eolande,Dunne,edunnec9,oX8\7b#<=a=z%s,881 Vera Drive,101-522-6195,edunnec9@eepurl.com
443,Egan,Stirley,estirleyca,oL1<Efcq6$e,2 Hansons Center,380-719-2325,estirleyca@exblog.jp
444,Elsie,Hanning,ehanningcb,"sM1#\vd,.f\",396 Basil Lane,475-627-0012,ehanningcb@tinypic.com
445,Zerk,O' Flaherty,zoflahertycc,eR4>In!iLg,898 Ronald Regan Way,738-872-6212,zoflahertycc@indiegogo.com
446,Reube,Banister,rbanistercd,mI7%$oP=c5zg@8hI,8 Service Avenue,492-629-2499,rbanistercd@pcworld.com
447,Briny,Lyall,blyallce,dY8/L2HODbY,3 Sycamore Way,172-203-5772,blyallce@tripadvisor.com
448,Sophey,Doxsey,sdoxseycf,bW2_0aLFR&B9~M,7 Katie Center,789-807-6146,sdoxseycf@ning.com
449,Teresita,Tremaine,ttremainecg,zM7(q|.c@B2F<aPJ,4578 Anderson Terrace,608-721-7170,ttremainecg@google.ca
450,Malvin,Whalley,mwhalleych,"kB7<xXi""8/",60 Melrose Point,128-204-2835,mwhalleych@edublogs.org
451,Ximenez,Potteril,xpotterilci,oH1=&N8l7Q*S,79270 Evergreen Road,691-151-8284,xpotterilci@google.fr
452,Hughie,Stockey,hstockeycj,tR7?E(`2hc,4078 Towne Park,901-577-7551,hstockeycj@gravatar.com
453,Karlan,Nazaret,knazaretck,dJ7!Y~D2,888 Portage Avenue,878-543-4963,knazaretck@wikia.com
454,Kyla,Hardbattle,khardbattlecl,oC2((iZjN(ga(,304 Golf View Road,492-874-3685,khardbattlecl@pcworld.com
455,Dyane,Churms,dchurmscm,vZ3&/dnXyfDP+5Rk,9002 Merchant Circle,531-549-4938,dchurmscm@altervista.org
456,Coreen,Ross,crosscn,eW8|h.8fs<Z7,409 Tomscot Alley,369-609-6988,crosscn@mysql.com
457,Kenton,Dries,kdriesco,yI7<i'e\@y3${Mo,73653 Drewry Road,959-377-8918,kdriesco@ning.com
458,Pammy,Arlott,parlottcp,iY2@&kg<'|vQXf7,78539 Artisan Court,251-600-6003,parlottcp@miitbeian.gov.cn
459,Merci,Gane,mganecq,hI1&6`dqit|yF#,3 Sherman Point,563-399-7382,mganecq@mysql.com
460,Kermy,MacColl,kmaccollcr,vR7$%aiUe78yBq,41 Texas Pass,577-157-9817,kmaccollcr@merriam-webster.com
461,Townie,Waterman,twatermancs,jH2_Eu%8gJ!1b=\Z,4429 Bay Point,512-380-6807,twatermancs@marketwatch.com
462,Daniele,Heeley,dheeleyct,mL3?'TOh_iI,28 Mitchell Circle,520-105-2182,dheeleyct@nymag.com
463,Piotr,Ariss,parisscu,"pQ6(xD""O@G.&",8 Monterey Center,672-718-0669,parisscu@twitpic.com
464,Tabb,Quinby,tquinbycv,jD7@ec(Yv,01983 Old Shore Plaza,899-222-8360,tquinbycv@shareasale.com
465,Carmella,McGann,cmcganncw,"gP9?!@xrB""jHc_G`",575 Jackson Circle,516-194-8080,cmcganncw@livejournal.com
466,Gawen,Cornehl,gcornehlcx,hJ8(=ki7_,26676 American Ash Crossing,408-528-9577,gcornehlcx@diigo.com
467,Donalt,Godber,dgodbercy,eI8@D~|9.Eak,37515 5th Street,872-976-7744,dgodbercy@wikimedia.org
468,Kristi,Connue,kconnuecz,hU9<$xDi,28641 Raven Lane,540-943-3105,kconnuecz@about.com
469,Derry,Yewdall,dyewdalld0,"fO7""F4l7""n@!",4 Dawn Center,399-854-7487,dyewdalld0@irs.gov
470,Wileen,Jailler,wjaillerd1,"wV9""FJ8d>C`LN",5450 Pennsylvania Plaza,985-979-2468,wjaillerd1@bandcamp.com
471,Halli,Dulany,hdulanyd2,nC1{f$W<jV)#,79146 Lawn Park,217-598-6517,hdulanyd2@google.ca
472,Abbie,Kemme,akemmed3,"rR9|4,mHdGT",4975 American Pass,242-330-0495,akemmed3@4shared.com
473,Guthry,Leverette,gleveretted4,oN6&*vb7,30556 Coleman Trail,150-464-0911,gleveretted4@epa.gov
474,Bibbye,Guilaem,bguilaemd5,sI8\9MV@#)FWLf`R,20004 Reindahl Center,318-413-5587,bguilaemd5@altervista.org
475,Bram,Cesconi,bcesconid6,tV4!>(+U$7rvs,0 Crest Line Pass,541-603-2353,bcesconid6@mysql.com
476,Ruben,Marriage,rmarriaged7,lW4!icdV_7`1V|z,197 Parkside Park,720-773-6582,rmarriaged7@youtu.be
477,Dita,Seine,dseined8,"uW2$*',fk",06407 Alpine Drive,732-814-3454,dseined8@tripadvisor.com
478,Al,Darell,adarelld9,"dG5+Nc#2""S*up(M",7590 Hanover Way,347-135-3288,adarelld9@tmall.com
479,Inesita,Hallowes,ihallowesda,nD5<{n_k1y=q,386 7th Avenue,912-478-4657,ihallowesda@goo.ne.jp
480,Richard,Gunthorp,rgunthorpdb,zL6{e{*f0$8_Xoy$,10623 Farragut Park,959-209-3823,rgunthorpdb@canalblog.com
481,Elsey,Gabey,egabeydc,"sD4>yi=0""4",51486 Hallows Pass,324-863-7074,egabeydc@gizmodo.com
482,Egon,Selwyn,eselwyndd,sR9/J?5Q,844 Warrior Court,691-328-6241,eselwyndd@people.com.cn
483,Joseph,Burgis,jburgisde,nA5@X|XKBAi,309 Scott Trail,343-546-5787,jburgisde@com.com
484,Spense,Gossington,sgossingtondf,"wT9,UFYNx<ib@",88194 Roth Circle,912-522-6064,sgossingtondf@tinyurl.com
485,Marcille,Bockin,mbockindg,jS7&DfWb,26375 Manitowish Way,331-574-2267,mbockindg@eepurl.com
486,Bax,Goodinson,bgoodinsondh,eU6%SV'6F9WsPQ,1 Sauthoff Hill,876-103-3708,bgoodinsondh@google.com.hk
487,Dino,Ruddiforth,druddiforthdi,mT6!YKC0bgy'<,196 Sunnyside Road,741-920-8396,druddiforthdi@surveymonkey.com
488,Bee,Verbeek,bverbeekdj,eB9+U$8=XQIc<,9 Orin Pass,370-693-1996,bverbeekdj@acquirethisname.com
489,Joannes,McKinnell,jmckinnelldk,"iI5""&1ZhV""I",19490 Montana Parkway,294-623-8375,jmckinnelldk@about.me
490,Tabatha,Jankovsky,tjankovskydl,uS5/Yd#{O)rliNQ,8 Sullivan Park,437-767-3301,tjankovskydl@blogspot.com
491,Hurlee,Adderley,hadderleydm,aO1<.Y+65+3,59 Linden Parkway,141-671-3323,hadderleydm@weebly.com
492,Nina,Yarranton,nyarrantondn,oH5}llEFeno9J=j,21 Rigney Lane,825-625-5250,nyarrantondn@t-online.de
493,Fletch,Stother,fstotherdo,nJ3_L3Ps&G3tYPU,32 Elmside Avenue,379-305-0508,fstotherdo@networkadvertising.org
494,Scot,Pautard,spautarddp,aX1!bdt.`kK,53792 Erie Court,989-499-5701,spautarddp@hatena.ne.jp
495,Georgena,Dollman,gdollmandq,pO4{2Pn~aT,142 Northview Alley,266-789-9963,gdollmandq@gravatar.com
496,Den,Gullick,dgullickdr,"aB5.""vteA",65067 Lakewood Street,493-132-7753,dgullickdr@merriam-webster.com
497,Thorsten,Hurring,thurringds,tF1#3iXl3|,69 Arapahoe Crossing,878-999-0814,thurringds@ftc.gov
498,Bruno,Widdows,bwiddowsdt,"nD1}'W$pP=~u,U",0 Comanche Crossing,838-234-2684,bwiddowsdt@buzzfeed.com
499,Cirstoforo,Avramovsky,cavramovskydu,mC8>m5'LK7m,1 Eggendart Road,771-826-2438,cavramovskydu@nps.gov
500,Jessy,Grabham,jgrabhamdv,tH2#L=O*1,180 Luster Street,419-985-2746,jgrabhamdv@reuters.com
501,Devy,Thorburn,dthorburndw,"pB8""OW40|FHfkwv",94 Parkside Point,737-376-2357,dthorburndw@squidoo.com
502,Ward,Ilymanov,wilymanovdx,kP1{AREgF)62,309 Hansons Alley,585-220-6169,wilymanovdx@youtube.com
503,Meghann,Filipchikov,mfilipchikovdy,"eQ4}S&d,",2 Oriole Plaza,923-410-6888,mfilipchikovdy@flavors.me
504,Corly,Marielle,cmarielledz,eV7@cYw?,47256 Bluejay Park,389-716-7032,cmarielledz@plala.or.jp
505,Hersch,Joplin,hjopline0,"gB7'c+`G<r4,H",12 Crowley Court,615-953-4446,hjopline0@wikipedia.org
506,Hirsch,Macenzy,hmacenzye1,dU0$BwL|Z,1 Merchant Road,326-802-3017,hmacenzye1@illinois.edu
507,Paul,Bendare,pbendaree2,jU5*FDc!L,87490 Memorial Court,261-635-9051,pbendaree2@nyu.edu
508,Chevy,North,cnorthe3,"kU9{9LMmJ%,",627 Dayton Way,323-333-1562,cnorthe3@google.ca
509,Cory,Rowsell,crowselle4,"fM3@mHG<_r<M""m",802 Meadow Vale Place,411-610-5646,crowselle4@ow.ly
510,Roda,Windham,rwindhame5,vM6@ypz)x%VEeY,7 Russell Avenue,130-147-0044,rwindhame5@house.gov
511,Raquel,Gricewood,rgricewoode6,lN6@r~Aw,3101 Holy Cross Pass,782-955-6310,rgricewoode6@technorati.com
512,Agosto,Mithan,amithane7,xI2*LdM'BvDw,2 Paget Center,959-447-9713,amithane7@nba.com
513,Dorri,Simony,dsimonye8,vA1<2GPw,9436 Summer Ridge Hill,219-303-3535,dsimonye8@ftc.gov
514,Cathy,Thorald,cthoralde9,cG2/Q~)*>i{,82 Knutson Terrace,626-579-2908,cthoralde9@google.it
515,Bunnie,Cruess,bcruessea,pR8?Ca0vgm#6<9,82 Sachtjen Pass,584-109-2552,bcruessea@google.pl
516,Kane,Caville,kcavilleeb,"dP6=2(""k~rK}Rwo|",5536 Lunder Alley,792-604-3222,kcavilleeb@blogs.com
517,Anatol,Kolinsky,akolinskyec,dP2._B1b0Rn,268 Stoughton Junction,872-825-5475,akolinskyec@g.co
518,Edna,Wasiela,ewasielaed,cH7>@.7wqzv,6 Mesta Trail,474-296-4592,ewasielaed@shutterfly.com
519,Wells,Haill,whaillee,"aD2""9,yff#w*4",5935 Nova Way,543-233-7326,whaillee@berkeley.edu
520,Lindie,Lared,llaredef,mG4`75AJ.,1 Vera Avenue,844-127-2579,llaredef@uiuc.edu
521,Brantley,Siberry,bsiberryeg,bF5>x6lps0,6 Kennedy Avenue,519-755-7577,bsiberryeg@apache.org
522,Georg,Noirel,gnoireleh,dP6?6SDNt',6574 Daystar Parkway,457-626-8739,gnoireleh@printfriendly.com
523,Chane,Pyrton,cpyrtonei,yV7<Cd2|vhj!H2,0318 Bashford Crossing,238-852-1644,cpyrtonei@soup.io
524,Jania,Whitesel,jwhiteselej,mU9}P8)w.i8{R(,458 Pleasure Trail,817-279-0301,jwhiteselej@canalblog.com
525,Maybelle,Searjeant,msearjeantek,"qC0.b4vmbc&y(k,Q",6761 Sachs Point,618-321-1332,msearjeantek@eventbrite.com
526,Giulietta,Krol,gkrolel,"aO4&vR1i""k(",3863 North Way,771-189-7847,gkrolel@diigo.com
527,Margette,Mumbeson,mmumbesonem,oL9$gSpvQP1qN#,262 Gulseth Alley,117-594-6479,mmumbesonem@purevolume.com
528,Fleurette,Daddow,fdaddowen,gT7{?fIKT<*yo,1 Westport Hill,772-230-5896,fdaddowen@spiegel.de
529,Leonie,Fosken,lfoskeneo,"lL8._""r&E}Y@A",81 Chinook Avenue,175-667-8551,lfoskeneo@youtu.be
530,Kaylee,Pluthero,kplutheroep,qK9%15O079,0 Forest Run Alley,536-481-4091,kplutheroep@omniture.com
531,Aldrich,Bushell,abushelleq,uC4%1<p#NwO*J,600 Schiller Avenue,347-143-2217,abushelleq@meetup.com
532,Andee,Purple,apurpleer,kJ4!Cy2Gq{E,34 Burning Wood Park,727-977-0005,apurpleer@feedburner.com
533,Christean,Arons,caronses,jQ6!\mvvnuY,2114 Barby Place,937-557-5709,caronses@ycombinator.com
534,Hyacinthie,Jex,hjexet,bW7.Z{zz5U',4055 Bobwhite Circle,204-377-9249,hjexet@icq.com
535,Phyllis,Fenby,pfenbyeu,qD5$dQ}A),0323 Ronald Regan Parkway,932-218-9259,pfenbyeu@hhs.gov
536,Shirley,Naisbet,snaisbetev,bI3*F12}69,98143 Summit Hill,272-474-6391,snaisbetev@mashable.com
537,Chevy,Gainsborough,cgainsboroughew,"jK9""F""VwLW",1171 Golf View Point,362-605-9069,cgainsboroughew@auda.org.au
538,Elayne,Cockerham,ecockerhamex,wC9$g7!}f+,945 Truax Center,379-573-5874,ecockerhamex@google.it
539,Jay,St Angel,jstangeley,yC6|t~'2VOYH2V*,74 Dryden Way,220-775-0033,jstangeley@naver.com
540,Webb,Duley,wduleyez,hW7&E?{beet~,14522 Chinook Plaza,504-332-8355,wduleyez@marketwatch.com
541,Franky,Sprowell,fsprowellf0,qP1~HF&r}2k,2 Clove Avenue,940-879-1489,fsprowellf0@skyrock.com
542,Corenda,Harker,charkerf1,aB0'+7p_hB(0Ps,988 Morrow Crossing,323-442-2716,charkerf1@bandcamp.com
543,Chen,Milby,cmilbyf2,aR9?=V6SPt,158 Emmet Alley,661-689-0976,cmilbyf2@ameblo.jp
544,Collette,Knowlys,cknowlysf3,"zO0""/0#zK\}(O0yH",34 Lerdahl Crossing,582-397-2665,cknowlysf3@mysql.com
545,Joana,Mosten,jmostenf4,oO2<v7>{fMf,3599 2nd Trail,643-134-2562,jmostenf4@i2i.jp
546,Debbi,Lavielle,dlaviellef5,qT5#MU@j,292 Johnson Plaza,129-571-9964,dlaviellef5@apple.com
547,Sarette,Jorin,sjorinf6,cU4<H2K5a@ACx,1319 Mallard Plaza,368-880-5084,sjorinf6@angelfire.com
548,Eldredge,Cumpsty,ecumpstyf7,bK0_YJV3BUL~Qcp#,5 Michigan Park,343-427-5735,ecumpstyf7@samsung.com
549,Issy,Costanza,icostanzaf8,wJ5$4Y|a,87492 Paget Hill,663-934-4781,icostanzaf8@wisc.edu
550,Ophelie,Alesbrook,oalesbrookf9,nY3%L=*!Q,2471 Logan Lane,551-364-3644,oalesbrookf9@tiny.cc
551,Willamina,Shreve,wshrevefa,aR7>e3Z|,82454 Lindbergh Pass,145-279-9591,wshrevefa@surveymonkey.com
552,Nat,de Tocqueville,ndetocquevillefb,sI6@u1ih_,776 4th Plaza,472-782-6706,ndetocquevillefb@rakuten.co.jp
553,Valentin,Marriage,vmarriagefc,iX0\Zl?Nys&&xSu0,16383 Rockefeller Parkway,227-211-8143,vmarriagefc@1688.com
554,Edsel,Emanson,eemansonfd,pT7$\u2.Gaw%04<=,272 Hooker Center,958-600-3023,eemansonfd@free.fr
555,Adriaens,Oldis,aoldisfe,"rV5=jK{,g",50387 Redwing Park,816-237-8193,aoldisfe@cloudflare.com
556,Margarete,Kharchinski,mkharchinskiff,"bS7)+HHvv=,iI`m/",2 Upham Circle,224-345-1357,mkharchinskiff@bloglines.com
557,Eloisa,Kedward,ekedwardfg,rH1._bxIMs,20 5th Circle,298-285-2673,ekedwardfg@abc.net.au
558,Jordan,Ullett,jullettfh,hK2~Bi6#,00 Pankratz Terrace,706-267-0348,jullettfh@prnewswire.com
559,Donal,Cornelis,dcornelisfi,"yY0\S\}xO`v+,|ue",485 Huxley Road,305-642-7116,dcornelisfi@rakuten.co.jp
560,Petronia,Desouza,pdesouzafj,nN5/.=Q|U<,00 Upham Road,383-945-6417,pdesouzafj@telegraph.co.uk
561,Drusy,Eversley,deversleyfk,iK3<`A{>~<uN,7397 Logan Crossing,418-439-2873,deversleyfk@reverbnation.com
562,Tomlin,Kyles,tkylesfl,iT8<tQ~jg1@,88 Dunning Way,528-208-7062,tkylesfl@usnews.com
563,Melba,Hansom,mhansomfm,pQ1*rrYc,147 Shasta Alley,638-286-8815,mhansomfm@businessinsider.com
564,Orelie,Stonebridge,ostonebridgefn,"sG0,'$=j`Bk",2 International Parkway,296-235-4034,ostonebridgefn@lulu.com
565,Donetta,Inkles,dinklesfo,"yE2>%""x%l(lQ",1902 Loeprich Way,363-746-9134,dinklesfo@de.vu
566,Roseanna,Tomicki,rtomickifp,yT1`K1u(,97475 Darwin Way,144-164-0979,rtomickifp@mtv.com
567,Jada,Angood,jangoodfq,"oI9~,gafk+Z?r\Q",2372 Hudson Plaza,980-810-8262,jangoodfq@pagesperso-orange.fr
568,Worth,Mosley,wmosleyfr,uL1`.gH%P4~,22286 Graedel Plaza,497-939-2833,wmosleyfr@ebay.co.uk
569,Eberto,De Caroli,edecarolifs,yJ5}Wh}Bq,47 Anhalt Road,565-151-6576,edecarolifs@adobe.com
570,Joshuah,Swate,jswateft,wZ5}&~xKs0nWF,61 Fulton Pass,589-624-1989,jswateft@networksolutions.com
571,Raimondo,Sharvill,rsharvillfu,"qQ1,)nf8}>#'\P",16435 Amoth Circle,678-963-6295,rsharvillfu@salon.com
572,Corby,Mars,cmarsfv,rL3_3&5f,75 Harbort Trail,483-714-5964,cmarsfv@odnoklassniki.ru
573,Alanna,Rosborough,arosboroughfw,dL8!>DS0r,825 Nelson Hill,931-322-7725,arosboroughfw@vimeo.com
574,Hubey,Fay,hfayfx,tW2~fqya\6<HE%9},3045 Hudson Trail,980-678-4354,hfayfx@drupal.org
575,Trent,Fery,tferyfy,iE0*I?99K,66230 Tony Way,385-805-9408,tferyfy@cdbaby.com
576,Zara,Hunnybun,zhunnybunfz,"wG1,q=Y$",47 Columbus Drive,105-117-1323,zhunnybunfz@icio.us
577,Dotty,Houltham,dhoulthamg0,lH6'_wx(C!S`|I,6239 Browning Park,843-786-5276,dhoulthamg0@github.io
578,Rafa,Spenceley,rspenceleyg1,jV3!@Oub=wa,910 Summer Ridge Trail,992-176-2693,rspenceleyg1@myspace.com
579,Turner,Wensley,twensleyg2,xF1=$)Gtba,287 Crowley Drive,808-146-5810,twensleyg2@cdbaby.com
580,Sadella,Martell,smartellg3,"mR4""\WYS2%)zw+",2011 Fair Oaks Hill,690-221-9239,smartellg3@networksolutions.com
581,Yettie,Spincke,yspinckeg4,uP4)=Yez=(Nb=,86 Lien Terrace,227-585-5013,yspinckeg4@geocities.jp
582,Wildon,Grzes,wgrzesg5,"oS7.,4cc39r)P",49 Springview Junction,622-347-8840,wgrzesg5@addthis.com
583,Codi,Oloshin,coloshing6,vO8*e`$g8Y0`)@=G,6254 Bluejay Junction,259-771-8462,coloshing6@ucla.edu
584,Thomas,Jamrowicz,tjamrowiczg7,uG9\s'3&Ea`q,1162 Mcbride Parkway,978-647-3477,tjamrowiczg7@tinypic.com
585,Andy,Tockell,atockellg8,eO8_0A*7q,0 Sage Place,577-962-3294,atockellg8@eventbrite.com
586,Vita,Coppeard,vcoppeardg9,pX7!*Llv9_,35 Morrow Way,973-798-3469,vcoppeardg9@unicef.org
587,Alair,Blackesland,ablackeslandga,gA6}<6Y/f'J,3 Hallows Lane,933-345-7940,ablackeslandga@barnesandnoble.com
588,Nana,Marzelo,nmarzelogb,pE8+)XTLq,711 Arapahoe Parkway,429-418-6774,nmarzelogb@state.gov
589,Hilda,Sarjant,hsarjantgc,zV7~PRbO}5i1#DZ,4 Logan Way,489-173-2742,hsarjantgc@reverbnation.com
590,Dian,Glencros,dglencrosgd,fQ4}v%7z<>z)zM@,0 Anzinger Plaza,499-980-2649,dglencrosgd@smugmug.com
591,Irwinn,Summerbell,isummerbellge,pP8`wE(U<zy,6972 Namekagon Avenue,571-416-3581,isummerbellge@illinois.edu
592,Louise,Foskew,lfoskewgf,eL7%dPsI~$|~F_O,078 Havey Trail,519-578-8533,lfoskewgf@flavors.me
593,Charo,Mahomet,cmahometgg,"cR9\ivr'5w`cD>""",518 Ridgeview Way,706-426-3021,cmahometgg@amazon.co.uk
594,Gideon,Baltzar,gbaltzargh,vF3)qtklxZFF,83044 Paget Circle,534-285-1494,gbaltzargh@yellowbook.com
595,Kameko,Quaife,kquaifegi,gY9?cLh<47,641 Sachs Circle,376-354-3508,kquaifegi@discuz.net
596,Nelie,Brunon,nbrunongj,lY1%!6Y\dEV\!`WE,42 Sachtjen Point,675-714-7486,nbrunongj@canalblog.com
597,Davie,Sollett,dsollettgk,wI2*eD`<Tz?5,66080 Sachs Trail,768-513-8520,dsollettgk@wikia.com
598,Sallee,Hateley,shateleygl,dX6>+Up`{e.BAsi,74 Clove Point,781-704-4231,shateleygl@amazon.de
599,Norean,Ruhben,nruhbengm,"yF5#Zfcy,a8j#3k",0049 Grayhawk Court,440-473-6712,nruhbengm@census.gov
600,Tomasine,Johncey,tjohnceygn,zO9)l/!jU~r,5 Florence Court,867-828-7222,tjohnceygn@issuu.com
601,Gertrude,Done,gdonego,fU4.rw%2n,902 Oxford Hill,933-155-1470,gdonego@china.com.cn
602,Kylie,Koubek,kkoubekgp,kA3#sYfplU,165 Merrick Lane,878-909-5988,kkoubekgp@webmd.com
603,Paxon,Dablin,pdablingq,hH8~H=4=!6Ij,50 Iowa Drive,182-955-6772,pdablingq@mashable.com
604,Cody,Liddy,cliddygr,"dE1""9lL73?#S<O",85328 Porter Drive,720-383-6609,cliddygr@theatlantic.com
605,Issy,Brignell,ibrignellgs,dP0.IjWIU'YmV0,5148 Kropf Center,375-270-7292,ibrignellgs@oaic.gov.au
606,Shayna,West-Frimley,swestfrimleygt,qH7}z'#eYWz,5 Kipling Court,749-829-5132,swestfrimleygt@ox.ac.uk
607,Buck,Bullent,bbullentgu,"qN4?N91d""3cU",49 Heffernan Trail,343-880-9928,bbullentgu@google.com.au
608,Marsh,Josh,mjoshgv,oX9=3iW.xO!,41 Sunfield Pass,680-292-0310,mjoshgv@w3.org
609,Pen,Makeswell,pmakeswellgw,aQ1'5GOjUJz2Lsv,91258 Main Way,720-170-7848,pmakeswellgw@cloudflare.com
610,Merell,Camblin,mcamblingx,kO2+(.AMv_l3Y8H,65 Eagle Crest Hill,830-827-0948,mcamblingx@sohu.com
611,Vinson,Detloff,vdetloffgy,"aZ5/K,uE""R'_",282 7th Crossing,571-102-0383,vdetloffgy@accuweather.com
612,Freddi,Savell,fsavellgz,aU5#!6f<%Mo~,67 Golf Course Circle,288-964-8386,fsavellgz@hubpages.com
613,Ingelbert,Orred,iorredh0,kQ9<pXE2p,367 Barby Point,501-718-5468,iorredh0@unc.edu
614,Alistair,Toll,atollh1,uL3@rCEX4fUfz,34 Rieder Avenue,386-799-5059,atollh1@instagram.com
615,Francine,Tilte,ftilteh2,rM1~70qF,854 Chive Trail,509-269-8548,ftilteh2@usa.gov
616,Wendall,Luter,wluterh3,"qG2'vEN`""h6Z*#(",104 Prentice Crossing,799-214-7673,wluterh3@intel.com
617,Vilma,Lantiffe,vlantiffeh4,"bV6`e+Qz""e*Q8Jb",41070 Lien Pass,677-259-2097,vlantiffeh4@paypal.com
618,Claus,Keijser,ckeijserh5,wE9%+ET&0,1 1st Crossing,282-913-1114,ckeijserh5@thetimes.co.uk
619,Aeriel,Glading,agladingh6,gS7*_c?o84@IK6Pa,97088 Redwing Lane,431-767-6718,agladingh6@cloudflare.com
620,Rhiamon,Badgers,rbadgersh7,cG4&ax}B,971 Roxbury Park,769-471-0783,rbadgersh7@digg.com
621,Mercy,Celler,mcellerh8,nA7}H?yrwV`~7d7v,0 Hooker Drive,273-487-8087,mcellerh8@bbc.co.uk
622,Kenon,Dory,kdoryh9,fM6<GD}Hxk3eqWw,6404 Judy Street,613-602-0903,kdoryh9@cocolog-nifty.com
623,Gwendolin,Lanigan,glaniganha,hK5?K3WsmMh7,7 Lakewood Gardens Terrace,775-315-1514,glaniganha@mac.com
624,Iggie,Espinos,iespinoshb,jM0>YJNs4R)vP(J,62 Forster Drive,542-358-0186,iespinoshb@dot.gov
625,Edyth,Barnwall,ebarnwallhc,rP5(|$=+,44 Farwell Crossing,156-112-7272,ebarnwallhc@cargocollective.com
626,Willyt,Eglise,weglisehd,"tU0$6Vjm!SM,F#sq",4 Butternut Parkway,479-363-6833,weglisehd@bluehost.com
627,Iggie,Kembrey,ikembreyhe,sI1~Xv_?Z},92779 7th Alley,383-742-1044,ikembreyhe@mit.edu
628,Sidonnie,Hansel,shanselhf,"eI2""B2Apdaq&viC",4864 Randy Street,125-212-6437,shanselhf@disqus.com
629,Stanley,O'Ferris,soferrishg,iI8_}t\EoKNO|,6 Sachtjen Center,720-619-3536,soferrishg@livejournal.com
630,Elisabet,Commings,ecommingshh,gY7.FocAClvhID,63388 Miller Road,949-193-0697,ecommingshh@infoseek.co.jp
631,Eloise,Birdseye,ebirdseyehi,"tY8.%""tn2",71 Messerschmidt Point,532-948-2517,ebirdseyehi@linkedin.com
632,Colan,Brunton,cbruntonhj,qH0(V`9PJ8Fm,365 Esch Alley,224-407-9938,cbruntonhj@plala.or.jp
633,Barnie,Brede,bbredehk,eO5%qKD?O\Z,2 Linden Plaza,956-244-1007,bbredehk@vk.com
634,Thorvald,Jeays,tjeayshl,xW5=U6VS?{,659 8th Hill,798-197-0846,tjeayshl@com.com
635,Desirae,Lloyd-Williams,dlloydwilliamshm,gJ2'+P3MQj(',091 School Way,179-597-9951,dlloydwilliamshm@unesco.org
636,Wandie,Karolyi,wkarolyihn,sW0*&XBJ?q2Ez9\(,8819 Barby Parkway,385-917-3612,wkarolyihn@microsoft.com
637,Kayley,Longstreet,klongstreetho,gJ1!6N(w$,764 Sachs Way,930-755-2417,klongstreetho@tinypic.com
638,Christiano,Annice,cannicehp,bS7~!%il~l8,7 Meadow Ridge Road,841-205-1168,cannicehp@blogs.com
639,Edin,Christophe,echristophehq,oC2!$t~g*P{,24580 Huxley Alley,725-502-3077,echristophehq@sbwire.com
640,Karilynn,Swadling,kswadlinghr,kV3<{m=XSsqf\,99698 Cottonwood Center,712-707-5615,kswadlinghr@google.com.au
641,Denny,D'Acth,ddacthhs,gZ2@Q'(K4.Vl,545 Meadow Ridge Point,345-709-5736,ddacthhs@columbia.edu
642,Weston,Nottram,wnottramht,eW0(&K$N4!UDn,8 Claremont Center,962-424-1393,wnottramht@blogs.com
643,Fleurette,Bussy,fbussyhu,yE9&e\c6,55 Fallview Place,233-192-1428,fbussyhu@clickbank.net
644,Fredek,Garoghan,fgaroghanhv,"fK1,XOlqxH>%3",41 Nevada Hill,906-172-3899,fgaroghanhv@narod.ru
645,Cecile,Mayes,cmayeshw,"iY7|&|ea),0M",87000 Eggendart Drive,776-955-8418,cmayeshw@creativecommons.org
646,Hirsch,Delucia,hdeluciahx,gS3$K.?(k=$,09 Burrows Street,717-445-5219,hdeluciahx@gov.uk
647,Derry,Peirpoint,dpeirpointhy,lX2'5}N@?,49 Green Ridge Lane,422-561-7544,dpeirpointhy@army.mil
648,Bianca,Lalley,blalleyhz,tR4?L8iH3&VWzQ,57961 Beilfuss Road,508-624-7254,blalleyhz@yale.edu
649,Roosevelt,Breitling,rbreitlingi0,pY9!%`K}/,63 Magdeline Avenue,734-585-1358,rbreitlingi0@goodreads.com
650,Rip,Dukes,rdukesi1,pT3%2s!Rof*L1',761 Morning Plaza,716-417-5654,rdukesi1@fotki.com
651,Godart,Wims,gwimsi2,iA7#6<8_gk5h0_U,012 Green Park,924-394-4718,gwimsi2@google.co.uk
652,Ddene,Blakey,dblakeyi3,zE6#L|2N&i,1757 Gateway Court,254-453-9480,dblakeyi3@is.gd
653,Deane,Diment,ddimenti4,xN9=GWdW,059 Bunker Hill Drive,619-820-1176,ddimenti4@t.co
654,Carce,Treherne,ctrehernei5,tU2\?INW6m,82 Thompson Trail,664-985-9760,ctrehernei5@ucla.edu
655,Jemmie,Bourchier,jbourchieri6,eJ4}x|!Ck`0lZp,650 Anderson Alley,528-305-9098,jbourchieri6@yelp.com
656,Tuesday,Mougeot,tmougeoti7,eA2.%(&hg}3$T>,1286 Dorton Place,943-991-0988,tmougeoti7@w3.org
657,Mick,Foat,mfoati8,wX5+p*Y|=ZZ$#$Z,36 Gateway Plaza,668-835-5871,mfoati8@pen.io
658,Fayina,Frift,ffrifti9,jN9=xIimKS0IX1,51068 Truax Court,831-691-9262,ffrifti9@digg.com
659,Marylinda,Eaddy,meaddyia,"xM4'%dYtg,",396 Memorial Junction,607-829-7611,meaddyia@fotki.com
660,Juditha,Pilipets,jpilipetsib,vW5)YLU.UoSM,5 Pennsylvania Way,153-420-3054,jpilipetsib@yahoo.co.jp
661,Nester,Aylott,naylottic,jY5)<l.Na+',3 Cardinal Junction,130-500-3014,naylottic@blogtalkradio.com
662,Genna,Pikesley,gpikesleyid,vC2|c{+1(,5 Pierstorff Hill,266-175-6990,gpikesleyid@360.cn
663,Lauralee,Golagley,lgolagleyie,pK8!rg`<i,32508 Hovde Hill,186-264-8586,lgolagleyie@irs.gov
664,Ginger,Parram,gparramif,"jK3~,s""+2cE|N$j",1596 Pawling Street,828-376-6623,gparramif@businesswire.com
665,Katine,Shoulder,kshoulderig,yW7@q9w7x6,31 Dorton Trail,336-244-0183,kshoulderig@unblog.fr
666,Aubry,Lazarus,alazarusih,zH9?wd_7,0 Commercial Way,548-242-1969,alazarusih@foxnews.com
667,Quentin,Lofty,qloftyii,"sD4!<<?h8D.$tG""?",69 Ridge Oak Way,897-945-6160,qloftyii@wsj.com
668,Brittany,Featherstonhaugh,bfeatherstonhaughij,vD6%.GoPkN,2 Stoughton Circle,640-384-0039,bfeatherstonhaughij@etsy.com
669,Zena,Pawelczyk,zpawelczykik,xB0=%!pA@i,9 Erie Trail,735-854-2068,zpawelczykik@youku.com
670,Anstice,Pechold,apecholdil,wM8>F1UjXt8UP&aR,90572 Fulton Alley,840-759-8009,apecholdil@wisc.edu
671,Bartholemy,Bulgen,bbulgenim,"uR7""bV}xRv?6F",7 Harbort Drive,777-896-8675,bbulgenim@wired.com
672,Sydney,Berrie,sberriein,vL5(w?Q+OQW<6pu,481 Pepper Wood Street,665-180-2571,sberriein@plala.or.jp
673,Red,Daveren,rdaverenio,vQ4(.o#8a{6_i,4015 Porter Lane,142-179-1234,rdaverenio@t.co
674,Darn,Baldrey,dbaldreyip,rU5_dt7/G82iN>Kt,6 Summer Ridge Pass,176-180-5134,dbaldreyip@wired.com
675,Salem,Boch,sbochiq,"hY3*j""g#kd(jY5U",041 Gateway Circle,305-400-5743,sbochiq@ustream.tv
676,Murial,Deex,mdeexir,qX1`SxzegC@o>A,74533 Hermina Circle,439-940-3278,mdeexir@gmpg.org
677,Fionnula,Wash,fwashis,aR3|3ndqDk},83484 Harper Pass,485-461-1192,fwashis@etsy.com
678,Penny,Cotta,pcottait,"aP1'B6,TPlOMfC",7265 Oriole Junction,514-518-3218,pcottait@usatoday.com
679,Nickolas,Slatford,nslatfordiu,tO9`>$CY>,3 Utah Place,156-860-2955,nslatfordiu@yolasite.com
680,Legra,McPhelimey,lmcphelimeyiv,dK9#q#!n14k,195 Summerview Crossing,679-969-9206,lmcphelimeyiv@typepad.com
681,Rozele,Griffiths,rgriffithsiw,xK8#bmd.2}T1w,44 Monterey Alley,602-367-4945,rgriffithsiw@deviantart.com
682,Niall,Sofe,nsofeix,mZ5</Ztf@$_RE,8197 Wayridge Junction,932-901-8010,nsofeix@dagondesign.com
683,Lucina,Breheny,lbrehenyiy,hK4~0LLm*,00 Westerfield Park,625-815-5164,lbrehenyiy@pinterest.com
684,Orren,Rallings,orallingsiz,"mI2$_qG$~J,Vm@g",655 Mayer Terrace,837-300-0974,orallingsiz@fema.gov
685,Andreana,Gisbye,agisbyej0,lE3({Ovb&,83 Ridgeview Drive,928-661-6936,agisbyej0@pagesperso-orange.fr
686,Ashley,Headan,aheadanj1,aF7@dgfFZw,481 Pawling Plaza,937-842-8530,aheadanj1@so-net.ne.jp
687,Henrieta,Flippen,hflippenj2,"zT8,/\|?{,e3wK",33 Dryden Way,577-134-8760,hflippenj2@sina.com.cn
688,Maris,Toquet,mtoquetj3,nO4<|89`G$%</MOo,7784 Lakewood Court,919-204-3868,mtoquetj3@wordpress.org
689,Nikkie,Edinborough,nedinboroughj4,"bQ8/x,XnRy",9 Atwood Point,279-127-1954,nedinboroughj4@infoseek.co.jp
690,Mirabel,Platfoot,mplatfootj5,"oS2{,,~""yK$N&g~",5 Jay Way,888-589-9289,mplatfootj5@wisc.edu
691,Seth,Pumphrey,spumphreyj6,cB7+dae'\{)Qh{F,605 Bellgrove Hill,517-823-2455,spumphreyj6@nba.com
692,Julianne,Mum,jmumj7,zK4{R`u9r,62675 Vera Crossing,723-748-3926,jmumj7@creativecommons.org
693,Phil,Bellsham,pbellshamj8,iR3&afbH/,3767 Nobel Avenue,471-830-8930,pbellshamj8@dagondesign.com
694,Rene,Treacy,rtreacyj9,rV8$9&EN?1O5&=o(,924 Mallory Hill,838-630-6303,rtreacyj9@google.de
695,Neysa,Farnie,nfarnieja,"jX4.~j26,\*\`2tz",3066 Mariners Cove Center,325-500-9698,nfarnieja@a8.net
696,Harrietta,Pirdue,hpirduejb,tJ4(h'pSIU>K7j,4208 Pine View Junction,317-579-1626,hpirduejb@usgs.gov
697,Vivianne,Bartens,vbartensjc,vR7/JB&vJD<|,509 Clemons Alley,533-596-7323,vbartensjc@pbs.org
698,Orelee,Cosens,ocosensjd,"kR3."">xFWE4`""(kG",8 Laurel Drive,747-868-0795,ocosensjd@bluehost.com
699,Cathi,Roddie,croddieje,"eG1}f=g5,",631 Westerfield Way,436-791-4164,croddieje@themeforest.net
700,Dasha,Staddart,dstaddartjf,gS0)/PpG3UK_OO,9 Red Cloud Alley,424-569-5703,dstaddartjf@hp.com
701,Raddy,Klais,rklaisjg,"oV0""_BS'$Tf",360 Spohn Street,154-440-7171,rklaisjg@indiatimes.com
702,Peter,Motherwell,pmotherwelljh,iQ6&X5y'/iU|.,7 Carberry Terrace,114-436-4974,pmotherwelljh@ezinearticles.com
703,Adah,Norval,anorvalji,nZ2><zzcTW.3,2 Carpenter Junction,320-695-8091,anorvalji@pbs.org
704,Bendix,Pilgrim,bpilgrimjj,bE3/dw@At`k',6458 Schmedeman Alley,292-488-5736,bpilgrimjj@census.gov
705,Alejandro,Gopsill,agopsilljk,cJ6<gZ6Aqp/I,3488 Comanche Place,658-290-0509,agopsilljk@ameblo.jp
706,Basile,O'Hartnett,bohartnettjl,aW7/$bk0vT913S,9041 Bowman Alley,150-789-8216,bohartnettjl@bloglovin.com
707,Leone,Frearson,lfrearsonjm,pW1)3ka_jmg,78 Fair Oaks Drive,157-558-5559,lfrearsonjm@va.gov
708,Gustavo,Wilcock,gwilcockjn,"nN5%75J*c1Ky""5?",486 Bunker Hill Parkway,279-871-7407,gwilcockjn@tinypic.com
709,Harli,Quinnette,hquinnettejo,yE5%m'Rs&kHe,438 Chinook Street,787-828-5157,hquinnettejo@youtube.com
710,Shannan,Barthot,sbarthotjp,"tJ0=3h|/%?""",05938 Old Shore Park,122-795-0227,sbarthotjp@engadget.com
711,Chadwick,Treagust,ctreagustjq,bV9`+G)),4 Glendale Place,691-958-7468,ctreagustjq@surveymonkey.com
712,Carol,Tesauro,ctesaurojr,eL5+m5N4vpq,519 Blackbird Point,818-988-8955,ctesaurojr@sohu.com
713,Bertine,Doale,bdoalejs,zG8#xI\b_,971 Ryan Street,414-207-9585,bdoalejs@stanford.edu
714,Leora,Schachter,lschachterjt,gF2$*Z.xq\8wa6xv,3944 Hazelcrest Way,629-668-8721,lschachterjt@china.com.cn
715,Ashley,Androli,aandroliju,lV4(K<OZ,04465 Schurz Park,579-360-0919,aandroliju@ocn.ne.jp
716,Ernestine,Emmett,eemmettjv,zA8=/<1sBNAGj6q,4 Esch Parkway,502-199-6104,eemmettjv@123-reg.co.uk
717,Natka,Sworder,nsworderjw,wA9'Ta#lnT3y>,43 Meadow Valley Court,304-453-0617,nsworderjw@studiopress.com
718,Rozella,Laidler,rlaidlerjx,zI2=R5Rp=ZHXMc,2427 Magdeline Alley,338-982-8470,rlaidlerjx@bing.com
719,Taffy,Tansly,ttanslyjy,bH7%A&}iaq,7 Anniversary Way,959-628-1715,ttanslyjy@yellowpages.com
720,Wendie,Heimes,wheimesjz,kR1'\mia@=0~QF{Z,36180 Mandrake Street,927-568-5700,wheimesjz@storify.com
721,Antony,Tomich,atomichk0,"sJ0}lF""KTN44",644 Butterfield Pass,484-213-8713,atomichk0@icq.com
722,Delmor,Evemy,devemyk1,vO0}q{_zG,42136 Hoepker Crossing,937-911-3778,devemyk1@theatlantic.com
723,Alecia,Caddy,acaddyk2,mH4@NF4f6$da,2749 Beilfuss Place,213-450-6431,acaddyk2@devhub.com
724,Allayne,Lambe,alambek3,"xG6&D}ufZf3i,6R",479 South Avenue,866-595-6551,alambek3@delicious.com
725,Brynn,Cuniffe,bcuniffek4,qS8_H\>ElObHvl_J,846 Utah Road,723-217-7364,bcuniffek4@weather.com
726,Marv,Dutnell,mdutnellk5,bW9%tEO)Ci$.',60 Independence Crossing,866-893-0240,mdutnellk5@bbb.org
727,Mariette,Noice,mnoicek6,iR6<m\MusVF_Nc,96540 Fairview Parkway,891-465-2488,mnoicek6@mit.edu
728,Camilla,Tittletross,ctittletrossk7,oF5=0Ka)P'hW,46 Blaine Court,534-933-6963,ctittletrossk7@webmd.com
729,Janith,Philip,jphilipk8,pW1*NCPxb},13 Prairie Rose Park,709-341-3070,jphilipk8@addthis.com
730,Dionis,Carlyle,dcarlylek9,bN6(|&'(.5,20 Lakewood Alley,236-325-5513,dcarlylek9@kickstarter.com
731,Jesselyn,Zavittieri,jzavittierika,kP0_hui{$w?,538 Swallow Plaza,678-564-0239,jzavittierika@so-net.ne.jp
732,Jervis,MacKilroe,jmackilroekb,zV2`sZ)w,6821 Amoth Pass,613-649-3753,jmackilroekb@globo.com
733,Ettore,Godthaab,egodthaabkc,"uH7,aDglIH",3 Westerfield Avenue,430-982-4999,egodthaabkc@tmall.com
734,Giusto,Roycroft,groycroftkd,qY8*)l%APFNl,630 Kedzie Junction,858-730-3091,groycroftkd@surveymonkey.com
735,Xymenes,Marciek,xmarciekke,vB7{Bw%c?%PPDi,9878 Derek Pass,879-163-3495,xmarciekke@tripod.com
736,Malorie,Klimashevich,mklimashevichkf,gK5&U7R+.|,9931 Warrior Center,790-656-0651,mklimashevichkf@pen.io
737,Clemence,Stuckford,cstuckfordkg,kW1~p17bC{M1$,417 Roth Terrace,132-930-5365,cstuckfordkg@domainmarket.com
738,Shoshana,Thomasson,sthomassonkh,jG0{ng4nq,8 Londonderry Point,866-260-6356,sthomassonkh@wordpress.com
739,Jeanine,Gerhartz,jgerhartzki,"bQ7,n1eSqfP",46380 Kedzie Alley,132-143-4852,jgerhartzki@weibo.com
740,Tabbatha,Ziemens,tziemenskj,dQ0=%NB!,05919 Hollow Ridge Park,845-670-2743,tziemenskj@google.es
741,Lettie,Moncreiffe,lmoncreiffekk,pA5+sSnXKvwzf,142 Londonderry Alley,642-817-3993,lmoncreiffekk@webmd.com
742,Lonna,Edworthy,ledworthykl,tJ4{.Xfr75tx%,14598 Saint Paul Trail,686-250-5573,ledworthykl@w3.org
743,Claudina,Gierok,cgierokkm,fY9}ICow33TdMadz,2 Crowley Place,607-697-0603,cgierokkm@senate.gov
744,Aloysia,Finey,afineykn,xF2&cz>px+5~r,468 Bartillon Point,602-138-4944,afineykn@booking.com
745,Aveline,Halliburton,ahalliburtonko,qE7_/}4iP,22134 Ridge Oak Alley,382-737-9613,ahalliburtonko@slideshare.net
746,Yorker,Bodman,ybodmankp,"wV1~za7ZgW""2`o",370 Helena Terrace,242-190-0125,ybodmankp@geocities.com
747,Bernardine,Rossin,brossinkq,pD8.2VX&6.#e9UA,87478 Orin Trail,999-573-2973,brossinkq@techcrunch.com
748,Agata,Ormerod,aormerodkr,xV2}lW**cPd/vW_p,98 Gerald Park,819-724-5202,aormerodkr@purevolume.com
749,Hetty,Boulger,hboulgerks,cQ2'c3!$qX,28 Dexter Parkway,282-557-8701,hboulgerks@lycos.com
750,Victoir,Caplan,vcaplankt,dB3*O=b}~E'k+X`,04606 Grover Hill,815-861-9080,vcaplankt@ft.com
751,Thomas,Lippett,tlippettku,cG4`5cC056?CTR,498 Kingsford Avenue,912-837-8782,tlippettku@blinklist.com
752,Ailey,Blethin,ablethinkv,uF2+1BgC15,1 New Castle Circle,691-703-8470,ablethinkv@umn.edu
753,Vick,Edgerly,vedgerlykw,"kK8@v*q?kJS,&a&#",19987 Blackbird Circle,906-373-1618,vedgerlykw@mediafire.com
754,Gun,Pilfold,gpilfoldkx,cR8}L5IS=\,2472 Goodland Trail,128-921-8746,gpilfoldkx@ucsd.edu
755,Nickey,Sabbatier,nsabbatierky,uE0?ZFN15qEsy&,1776 Briar Crest Trail,747-191-7629,nsabbatierky@blog.com
756,Shurlock,Lempenny,slempennykz,xL1?D!O7~TB>=rKg,40 Oak Valley Point,518-651-9076,slempennykz@networkadvertising.org
757,Wilek,Densie,wdensiel0,iZ0+jgO#Fd2,35 Sundown Park,868-222-0652,wdensiel0@harvard.edu
758,Osgood,Challen,ochallenl1,"gW0_tc0jC><,<6",1220 North Drive,503-151-5811,ochallenl1@yahoo.co.jp
759,Clemmie,Anderl,canderll2,uC0%>%v6,520 Dunning Hill,181-439-2354,canderll2@slideshare.net
760,Derek,Brawley,dbrawleyl3,zQ1/v5t\MA,71 Johnson Park,516-193-9982,dbrawleyl3@sakura.ne.jp
761,Berti,Linder,blinderl4,kG7<JN~O,8 Stoughton Avenue,137-907-4123,blinderl4@blogspot.com
762,Sibelle,Simioni,ssimionil5,fO4(fF>iZM2,65 Debra Street,463-155-5104,ssimionil5@umich.edu
763,Carlota,Groombridge,cgroombridgel6,"fV3%""|3F=P7",69 Debs Drive,900-892-0945,cgroombridgel6@irs.gov
764,Bronson,Umbert,bumbertl7,wW1.3Dyi,806 Meadow Valley Crossing,809-575-8181,bumbertl7@list-manage.com
765,Addie,Moland,amolandl8,wR8!pE0RF$G5nY,16 Eggendart Crossing,198-485-2844,amolandl8@ask.com
766,Meyer,Rochester,mrochesterl9,bQ0)NmaZAmFsZvv*,29 Pearson Trail,741-108-9253,mrochesterl9@home.pl
767,Galen,Eglaise,geglaisela,aU4>&GhV!,32 Fuller Place,566-603-8249,geglaisela@cnbc.com
768,Blinnie,Sivills,bsivillslb,vG4{'Q/@s5i,9506 Schmedeman Avenue,286-886-1861,bsivillslb@eepurl.com
769,Salli,Lendrem,slendremlc,lA4#Xtb~M#fom+,821 Fairview Junction,919-740-8850,slendremlc@bandcamp.com
770,Dionis,Cantos,dcantosld,hL5\?Q@.yWk)+V~r,118 Shopko Trail,640-803-5483,dcantosld@miitbeian.gov.cn
771,Piper,Brockhurst,pbrockhurstle,xI9($Okg5H$O,3520 Barnett Pass,886-641-4355,pbrockhurstle@globo.com
772,Pauline,Mollon,pmollonlf,hD9|a&7)$.,147 Nova Junction,817-321-9395,pmollonlf@godaddy.com
773,Guinna,Halpin,ghalpinlg,"uW0,)13bS`",298 Darwin Park,303-316-9733,ghalpinlg@wiley.com
774,Orelie,Juppe,ojuppelh,yJ6*1x<93,355 Starling Road,932-135-5430,ojuppelh@eventbrite.com
775,Nefen,Charopen,ncharopenli,hS0.X>5@/7W2}7<,5997 Schiller Trail,627-925-6966,ncharopenli@discuz.net
776,Wake,Neeson,wneesonlj,gT4<JCVaWGy,15236 Mendota Park,545-495-8523,wneesonlj@over-blog.com
777,Fianna,Leadbeatter,fleadbeatterlk,eD7+gK(Wlo,3530 Jay Parkway,331-877-5866,fleadbeatterlk@xrea.com
778,Walliw,Korbmaker,wkorbmakerll,cE2&9)ky'gE(,3 Shopko Crossing,538-976-8268,wkorbmakerll@prweb.com
779,Wayland,Maunton,wmauntonlm,sF9\\_/aZs/#liQ,81826 Ruskin Center,359-868-9116,wmauntonlm@indiatimes.com
780,Melvin,Kach,mkachln,"tE7,jCkY",25528 Pawling Alley,346-207-5071,mkachln@cornell.edu
781,Moria,Cornils,mcornilslo,kM4+!/&7+6M1,153 Randy Lane,217-214-3814,mcornilslo@yolasite.com
782,Hubie,Pharo,hpharolp,dF7$+lUPG{75,7086 Tomscot Trail,599-554-7559,hpharolp@biblegateway.com
783,Brit,Jorry,bjorrylq,pO0'l2Na,4807 Mcbride Center,985-809-5414,bjorrylq@flickr.com
784,Roxi,Freire,rfreirelr,cX8.'J)&906Yxk,9398 Columbus Street,500-783-3534,rfreirelr@hhs.gov
785,Sammy,Gligorijevic,sgligorijevicls,lS4/.zpKif_,935 Homewood Terrace,311-736-6837,sgligorijevicls@intel.com
786,Lillis,Garvey,lgarveylt,gY3'acB.,669 Pine View Lane,286-413-6889,lgarveylt@vkontakte.ru
787,Axe,Paternoster,apaternosterlu,qM3'.dTw`tDKa$*+,1 Crest Line Drive,127-472-7118,apaternosterlu@diigo.com
788,Angelita,Larcher,alarcherlv,wW7?oJ&C(POa<,4 Fairview Street,531-287-3284,alarcherlv@nationalgeographic.com
789,Tiffani,Drydale,tdrydalelw,bE1&0GH)Pw,3632 Sherman Center,502-496-4361,tdrydalelw@youtu.be
790,Genia,Cappell,gcappelllx,pG5=Uo{D4t,0804 Reindahl Street,192-152-4756,gcappelllx@gnu.org
791,Yevette,Coggen,ycoggenly,pQ7`lA8frq&,682 Brentwood Pass,519-125-6244,ycoggenly@ftc.gov
792,Laureen,Stuckow,lstuckowlz,"pJ9<e+E4l2HBn!,'",236 Birchwood Pass,208-974-2279,lstuckowlz@wiley.com
793,Clemmie,Ashfold,cashfoldm0,aD8*`.!!oI(|8Z8,8514 Delladonna Junction,556-981-5380,cashfoldm0@de.vu
794,Bren,Bryer,bbryerm1,iD7!v>{J5cRDyyK,81031 Westridge Junction,840-110-8960,bbryerm1@yahoo.co.jp
795,Mayne,Mieville,mmievillem2,bB9|wt4>.*kw5|,49 Chive Pass,590-927-3686,mmievillem2@boston.com
796,Gian,Morena,gmorenam3,yH0%o}3\r~6,7172 Springs Hill,187-621-5644,gmorenam3@exblog.jp
797,Nariko,Scone,nsconem4,"aF6<p""pl4N9",51718 Crownhardt Road,525-148-2674,nsconem4@homestead.com
798,Kata,Pickvance,kpickvancem5,aT9/jZ`C.<,06910 Reindahl Circle,659-455-4497,kpickvancem5@ovh.net
799,North,Dark,ndarkm6,pE8#X\*G=}m,06169 Stoughton Court,523-255-8110,ndarkm6@geocities.com
800,Mercy,Simonyi,msimonyim7,bS7/PV16ol,28 Debs Lane,269-962-8652,msimonyim7@mapquest.com
801,Shaun,Foxton,sfoxtonm8,yQ6#qoO&\p%|Z=$y,9914 Buell Plaza,956-893-6278,sfoxtonm8@gizmodo.com
802,Nydia,Jee,njeem9,"mQ9,sYN*T?",04 Leroy Lane,648-157-6242,njeem9@cdc.gov
803,Bessie,Brimson,bbrimsonma,vI7(9f<PCw%KU,1041 Homewood Pass,472-602-5268,bbrimsonma@cdc.gov
804,Dorette,Raspin,draspinmb,wY0#kf|V.3iU+>37,91 Tennessee Way,948-941-0228,draspinmb@google.de
805,Jaimie,Inggall,jinggallmc,fV1+%kjG,63 South Center,122-394-9152,jinggallmc@cnn.com
806,Hayden,Swindlehurst,hswindlehurstmd,wE8/'dmtrdx!q,894 5th Alley,998-226-7220,hswindlehurstmd@weebly.com
807,Roarke,Viall,rviallme,zW0}.U=F,6781 Stuart Lane,685-730-4807,rviallme@oakley.com
808,Marcos,Limpricht,mlimprichtmf,sX6+>ryie0'v}qfk,16 3rd Park,131-247-6432,mlimprichtmf@paypal.com
809,Agathe,Oxbe,aoxbemg,wJ0>J8@u%j1ZMS#n,6 Carioca Trail,517-628-4714,aoxbemg@arstechnica.com
810,Stevana,Jeenes,sjeenesmh,jR7%gr'?5=,63372 Mesta Hill,473-296-3500,sjeenesmh@reference.com
811,Enrica,Rodge,erodgemi,wG4$id>XY!IG,4 Clove Drive,285-788-7263,erodgemi@marriott.com
812,Romona,Zottoli,rzottolimj,"uI6/aU""7/Nkl_",32 Rieder Street,591-288-7158,rzottolimj@washingtonpost.com
813,Leyla,Woolfall,lwoolfallmk,"xV2""S+B8C9XW1}",6 Oneill Junction,933-648-1002,lwoolfallmk@webnode.com
814,Cherice,Sanpere,csanpereml,lR4.<qfe,818 Gerald Court,510-892-4730,csanpereml@buzzfeed.com
815,Maryjo,Dwyr,mdwyrmm,oF0{XLFf1z,39332 Lakeland Circle,232-505-8886,mdwyrmm@rakuten.co.jp
816,Cazzie,Cready,ccreadymn,uR1(Si`.b,1195 Golf View Center,851-887-2889,ccreadymn@amazon.de
817,Nickie,McNeish,nmcneishmo,qG7_ZUBp5*8uvpp2,94141 Tony Junction,484-727-7326,nmcneishmo@theguardian.com
818,Hubey,Vaines,hvainesmp,"zI0)_S8<G""C4D)(",4220 Loomis Terrace,355-224-4131,hvainesmp@slideshare.net
819,Pavla,Rallings,prallingsmq,hW5_nrxr8GMd,8 Cambridge Place,504-867-9663,prallingsmq@canalblog.com
820,Carmencita,Lindberg,clindbergmr,mH5#i6*S,215 Almo Trail,923-550-8321,clindbergmr@dagondesign.com
821,Rudyard,Eaton,reatonms,kM3$>Fz\wKK,6713 Hintze Point,274-397-5784,reatonms@japanpost.jp
822,Bondie,Monnoyer,bmonnoyermt,"jM7*`&YF,DoN",72854 Arapahoe Alley,323-624-4156,bmonnoyermt@amazon.com
823,Petronia,McLese,pmclesemu,mG1{Fmn*O#of,992 Marquette Crossing,301-213-6803,pmclesemu@squarespace.com
824,Leah,Campkin,lcampkinmv,"aD9""}D#L",38654 Warrior Road,153-332-4364,lcampkinmv@cafepress.com
825,Silvester,McMurty,smcmurtymw,vU6@/6EBRh,97 Schurz Way,975-121-5285,smcmurtymw@php.net
826,Lezley,Heggs,lheggsmx,cT4@~$}KN,586 Cardinal Point,479-759-7910,lheggsmx@miibeian.gov.cn
827,Evie,Roscamp,eroscampmy,"yC6_pDVk=n4?2k,W",904 Pankratz Center,452-241-2130,eroscampmy@boston.com
828,Shir,Bowerman,sbowermanmz,"qE4,SFR(_UI1#/",17 Burrows Hill,835-673-2104,sbowermanmz@ca.gov
829,Othilie,Boden,obodenn0,lW0|O.N1$,01 Wayridge Avenue,719-751-8902,obodenn0@yellowpages.com
830,Jenny,Assel,jasseln1,tO7`BB97#y#QD,00455 Harper Plaza,725-385-6262,jasseln1@desdev.cn
831,Alonzo,Jefferys,ajefferysn2,qT8|rra(MOon,970 Amoth Plaza,154-747-1977,ajefferysn2@jigsy.com
832,Richmound,Bazoche,rbazochen3,bZ8%{}4%,324 Crowley Parkway,770-818-9600,rbazochen3@apache.org
833,Maitilde,Winny,mwinnyn4,uI6+R&gZ,3 Annamark Parkway,829-457-5655,mwinnyn4@cyberchimps.com
834,Saw,Dovinson,sdovinsonn5,tD3\\yWOb+8`Tv,423 Mccormick Place,350-487-6863,sdovinsonn5@abc.net.au
835,Giacobo,Duffill,gduffilln6,oN5)N2>kIe,831 Maple Circle,106-242-6904,gduffilln6@theguardian.com
836,Ward,Sellack,wsellackn7,gY4<ZiW.NgK$,128 South Hill,481-192-5010,wsellackn7@unesco.org
837,Frasquito,Peatheyjohns,fpeatheyjohnsn8,fB5$\\MIWWOZ,0889 Sullivan Place,356-970-0167,fpeatheyjohnsn8@bandcamp.com
838,Pedro,Roseblade,prosebladen9,"kR7.i>GR>C""u",50552 Thackeray Point,557-171-9398,prosebladen9@sohu.com
839,Alanson,Dary,adaryna,wM6)@dMLC=x()44*,6510 Namekagon Court,614-102-8318,adaryna@uiuc.edu
840,Milty,Pesek,mpeseknb,sK0!fCYkf,04 Erie Pass,528-923-8594,mpeseknb@blogtalkradio.com
841,Lisette,Gerrit,lgerritnc,hV6!e\*>n3,54784 Heffernan Way,191-301-3438,lgerritnc@amazon.de
842,Loydie,Putten,lputtennd,qS2#/8(>c6b,61 Russell Point,388-297-0951,lputtennd@wp.com
843,Cornall,Stove,cstovene,"gA4""GrL_",4 Montana Place,472-318-7453,cstovene@newsvine.com
844,Beverlie,Kingswood,bkingswoodnf,wR1!TT)%Q,0084 Manufacturers Parkway,362-546-3233,bkingswoodnf@abc.net.au
845,Marven,Fearney,mfearneyng,vP0?7>7%cn06aS,043 Sundown Road,454-902-6985,mfearneyng@merriam-webster.com
846,Magda,Jandl,mjandlnh,"tE8""$nLGgfC",422 Arrowood Hill,356-143-4626,mjandlnh@jalbum.net
847,Baxie,Sinden,bsindenni,hC6?sLBT/$J,56 Caliangt Junction,892-502-2934,bsindenni@oakley.com
848,Robb,Mathewson,rmathewsonnj,"qD2?{RGYUx""C",36675 Kenwood Parkway,803-769-9196,rmathewsonnj@marriott.com
849,Amber,Van der Krui,avanderkruink,cH7*sWnk.Zi,71271 Morrow Junction,428-392-6102,avanderkruink@telegraph.co.uk
850,Theadora,Urridge,turridgenl,dB2'#/~%a,2986 Division Junction,550-887-4449,turridgenl@cpanel.net
851,Marquita,Chidlow,mchidlownm,oX7{Q*QHH|Z>,67 Ludington Hill,903-241-7399,mchidlownm@hibu.com
852,Reynard,Abdie,rabdienn,bT2*!<T%n&k`NR',2387 Oak Valley Parkway,742-456-4324,rabdienn@google.ru
853,Matthias,Doumenc,mdoumencno,pX9+gBH%KD#81Q,4 Anniversary Center,981-337-4402,mdoumencno@youtube.com
854,Lynnelle,Eydel,leydelnp,aL8>q)_bu8d,5 Carey Plaza,102-384-2222,leydelnp@youtube.com
855,Immanuel,Veart,iveartnq,lP0$_hxYp>,5625 Meadow Valley Point,518-922-5803,iveartnq@cpanel.net
856,Felicity,Merriton,fmerritonnr,qG9&&!k<',3 Fairview Road,701-715-8967,fmerritonnr@whitehouse.gov
857,Dorine,Middleditch,dmiddleditchns,uK4'!U_07)Y5I,512 Di Loreto Terrace,742-321-1108,dmiddleditchns@npr.org
858,Garwin,Creevy,gcreevynt,lF0$H|Gs_P,458 Cherokee Park,227-805-6263,gcreevynt@gnu.org
859,Bearnard,Le Floch,bleflochnu,zI3*1%X{#Sx,586 Mockingbird Point,228-360-9181,bleflochnu@digg.com
860,Tuck,Cawcutt,tcawcuttnv,xJ3.!\4PV'R77,2995 Harper Alley,222-128-1164,tcawcuttnv@walmart.com
861,Araldo,Beddon,abeddonnw,fU0@GlZwM@*k,249 Pankratz Hill,374-442-0268,abeddonnw@disqus.com
862,Todd,Mithan,tmithannx,mG5'4Y5`z>2E,3998 Cardinal Parkway,122-750-3708,tmithannx@jiathis.com
863,Bobbee,Semmens,bsemmensny,qH0?cUV2e,503 Caliangt Plaza,346-988-1242,bsemmensny@nature.com
864,Jennifer,Calvie,jcalvienz,hJ2%kH}G~@s5,10 Northfield Crossing,180-466-1675,jcalvienz@indiatimes.com
865,Pieter,Addicott,paddicotto0,pX6>wsY0U*,0 Heffernan Park,810-992-4666,paddicotto0@hatena.ne.jp
866,Raimund,Godspeede,rgodspeedeo1,wH0!DH7AXU,1613 Macpherson Hill,778-825-6287,rgodspeedeo1@geocities.com
867,Quintin,Skinley,qskinleyo2,kS3|#=2N9Ss,2268 Lindbergh Pass,482-942-9960,qskinleyo2@ameblo.jp
868,Teena,Dallin,tdallino3,"dW0+""G.XP3x=P",60154 Northport Junction,900-678-4680,tdallino3@irs.gov
869,Killy,Ivers,kiverso4,lX5&VkHGQt7>,4521 Lindbergh Street,532-109-3149,kiverso4@so-net.ne.jp
870,Daren,Muckeen,dmuckeeno5,cM3|q7f4'R{jJL,67 Elgar Hill,408-771-5100,dmuckeeno5@creativecommons.org
871,Hortense,Demougeot,hdemougeoto6,"bE6,F@R$Nxz",61 5th Circle,508-311-1399,hdemougeoto6@oracle.com
872,Emerson,Shwenn,eshwenno7,qZ6&$JAT0Wn{),8 Hazelcrest Hill,558-457-9214,eshwenno7@sfgate.com
873,Annette,Hirsch,ahirscho8,gR0~Gh`D7`.}GJ,93007 Roth Junction,573-896-7092,ahirscho8@hibu.com
874,Ambrose,O'Murtagh,aomurtagho9,xQ2|n6(~,61275 Maple Wood Place,219-800-8612,aomurtagho9@cam.ac.uk
875,Valera,Timberlake,vtimberlakeoa,eD8{X!4~,13864 Nobel Road,317-200-4274,vtimberlakeoa@fc2.com
876,Mart,Di Carli,mdicarliob,wK3<i.HwoXrrS5tA,055 Spenser Avenue,764-430-4709,mdicarliob@lycos.com
877,Ursula,Hovie,uhovieoc,sV0_%)tx#R6zA,117 Dapin Court,257-516-1645,uhovieoc@hubpages.com
878,Maud,Crocroft,mcrocroftod,nW7<?S5T,60178 Jana Park,368-907-5259,mcrocroftod@ow.ly
879,Etan,Dobbson,edobbsonoe,"mL7`XIdYue""7sN",6 Fair Oaks Court,135-776-9663,edobbsonoe@dyndns.org
880,Kelley,Labrow,klabrowof,xM3?kB4}`x<5FU,93040 Eggendart Center,643-844-0255,klabrowof@squarespace.com
881,Welch,Ebbens,webbensog,fA4(BqSs,2 Arizona Place,934-864-7048,webbensog@cmu.edu
882,Ivory,MacPharlain,imacpharlainoh,qL8$YLs_Jd5!I(}<,7410 Lakewood Gardens Place,261-160-3902,imacpharlainoh@gov.uk
883,Mirilla,Voden,mvodenoi,cC7&gUY*~p|6,95040 Service Trail,441-486-6403,mvodenoi@jugem.jp
884,Lem,MacCulloch,lmaccullochoj,"lK6""f0>w>{r=",873 Warbler Lane,767-847-7417,lmaccullochoj@sina.com.cn
885,Stanwood,Hanhart,shanhartok,"hR8""@K""nur4A>",29713 Emmet Drive,359-369-4007,shanhartok@thetimes.co.uk
886,Virginie,Pagin,vpaginol,iJ1.>ER<mtk,8 Little Fleur Park,680-388-7027,vpaginol@imageshack.us
887,Jen,Barnes,jbarnesom,bF9/|l`*,31 Eggendart Hill,943-138-7247,jbarnesom@washington.edu
888,Shandie,Schruur,sschruuron,"yY4,jPy""=z$J6h<d",3890 Acker Circle,696-112-0471,sschruuron@arizona.edu
889,Corilla,Leijs,cleijsoo,"nH3,>#$2j`D(kt",9 Spaight Alley,729-435-1450,cleijsoo@reddit.com
890,Burg,Victoria,bvictoriaop,vP5\w~cbp,852 Merry Trail,196-407-5104,bvictoriaop@youtu.be
891,Modesty,Giorgione,mgiorgioneoq,pE6|2abm'f,84 Harbort Pass,685-213-1517,mgiorgioneoq@google.co.jp
892,Jade,Prynne,jprynneor,uW4(x~8><L>,9 Lakewood Point,703-162-8784,jprynneor@newyorker.com
893,Poppy,Thorneloe,pthorneloeos,gX6(=PmUhUo}`H,7 Everett Hill,398-730-5555,pthorneloeos@4shared.com
894,Florance,Crother,fcrotherot,"oW8,zmu#dGlTAFi(",31709 Farwell Street,302-720-0991,fcrotherot@sina.com.cn
895,Alan,Coggeshall,acoggeshallou,vA1'.bV(,2393 Daystar Junction,438-462-8245,acoggeshallou@t.co
896,Alexei,Minithorpe,aminithorpeov,rY1.d+JHg&_O,7298 Mesta Place,463-544-6423,aminithorpeov@techcrunch.com
897,Eada,Corsar,ecorsarow,oD3{~uRYtS8v#lU,058 Ridgeway Hill,103-759-7406,ecorsarow@nps.gov
898,Margaret,O'Lagene,molageneox,gK5_aSjw0,20516 Glendale Plaza,199-455-9505,molageneox@paginegialle.it
899,Rancell,Burnup,rburnupoy,jE4*aJQ!9@1b,844 Atwood Hill,186-850-0591,rburnupoy@reddit.com
900,Annabelle,McGraw,amcgrawoz,"nQ1&Df""k#D",43083 Everett Pass,504-781-1198,amcgrawoz@cmu.edu
901,Morganne,Spurge,mspurgep0,tH5`?YeR90rIVn3,2 Forest Run Lane,929-658-2294,mspurgep0@mapquest.com
902,Abigail,Prester,apresterp1,bQ7#Kh%o,603 Oriole Pass,691-469-3033,apresterp1@domainmarket.com
903,Dyanne,Kenrack,dkenrackp2,"kY2,y""LX7|",67 Forster Street,779-168-1059,dkenrackp2@cargocollective.com
904,Vivienne,Spelman,vspelmanp3,oJ0`~3\WNje@U2|,8350 Superior Center,399-942-7714,vspelmanp3@meetup.com
905,Sly,Lightbowne,slightbownep4,rA6%'fpP&t<,3 Oneill Crossing,125-819-5315,slightbownep4@va.gov
906,Peri,Abrahamsen,pabrahamsenp5,lL9<K!*XP)F<M~w,6028 Sycamore Way,804-445-0672,pabrahamsenp5@ycombinator.com
907,Danya,Vell,dvellp6,iL1}As$0IG11,8408 International Alley,325-191-4448,dvellp6@simplemachines.org
908,Arther,Patient,apatientp7,eY1!_6l#5a,44589 Meadow Vale Junction,292-994-1577,apatientp7@omniture.com
909,Loralie,Ronnay,lronnayp8,yX5{2+z=+B$i2b,3 Anniversary Drive,254-159-4377,lronnayp8@example.com
910,Elisabetta,Overell,eoverellp9,dS3#932X{y|Wq,26 Springview Way,194-110-4710,eoverellp9@yahoo.co.jp
911,Sianna,Espinazo,sespinazopa,hO0)X{}P{~u,29 Pennsylvania Circle,332-878-7226,sespinazopa@istockphoto.com
912,Pinchas,Holworth,pholworthpb,"xB5,Hf530wA0Lbpf",2 Saint Paul Hill,787-681-8795,pholworthpb@diigo.com
913,Delbert,Dumpleton,ddumpletonpc,qS8.+1jiZ,452 Manley Crossing,173-585-4340,ddumpletonpc@csmonitor.com
914,Bartolomeo,Lemmens,blemmenspd,mG8<$hc|<,981 Shoshone Plaza,440-988-9775,blemmenspd@omniture.com
915,Helli,Graalman,hgraalmanpe,xR5%srqG9~u1!,7683 Rusk Pass,121-329-1062,hgraalmanpe@netvibes.com
916,Frederica,Whiterod,fwhiterodpf,oC3#)4y*e?l,58 Declaration Pass,851-779-4658,fwhiterodpf@boston.com
917,Tandy,Vivash,tvivashpg,zY3!j}*br_vq,2 Ridge Oak Court,988-829-2716,tvivashpg@marriott.com
918,Ardelia,Duplan,aduplanph,"jN3>{?H""FRq.ykW`",37 Homewood Court,171-457-7994,aduplanph@squarespace.com
919,Marci,Whye,mwhyepi,qJ9.YEb|Zm,8302 Fairview Park,461-243-5360,mwhyepi@toplist.cz
920,Marsha,Fullwood,mfullwoodpj,bE1%x5Nz>=|,1 Alpine Court,245-991-1724,mfullwoodpj@qq.com
921,Lambert,Downton,ldowntonpk,zH8(a'Fzwsh/Ze,04031 Canary Plaza,505-845-9661,ldowntonpk@bluehost.com
922,Zacharie,Olufsen,zolufsenpl,fF1(BijjCH1To`b,4 Summerview Crossing,837-622-3596,zolufsenpl@sciencedaily.com
923,Alaster,Rickerby,arickerbypm,"nX6/7""j}'`gc3uP4",8 Kingsford Road,806-844-3247,arickerbypm@wp.com
924,Urbano,Berridge,uberridgepn,zU2$/a6YY}L&W,26275 Tony Center,698-816-1431,uberridgepn@nps.gov
925,Willey,Hedde,wheddepo,bT4!a|VlG&%z,20 Lakewood Gardens Drive,571-244-4267,wheddepo@cdc.gov
926,Dexter,Yendle,dyendlepp,"lP1+}\,0?CA",15585 Transport Hill,147-646-4924,dyendlepp@theatlantic.com
927,Pippa,Marlowe,pmarlowepq,fU1/DIyM\W6k\yy,4572 Hoepker Circle,939-901-0087,pmarlowepq@i2i.jp
928,Darsey,Stoller,dstollerpr,dM3&biAu!bVlA68=,1 Northland Plaza,701-507-7549,dstollerpr@wikia.com
929,Baird,Stanion,bstanionps,fX8+3sf)o,7 Rigney Trail,721-215-5580,bstanionps@yandex.ru
930,Gabbie,Gritskov,ggritskovpt,uW2~ref.5?,253 Michigan Way,556-839-4055,ggritskovpt@jigsy.com
931,Marcia,Chawkley,mchawkleypu,bE1`!GnRc533_VO,917 Vahlen Trail,323-880-1414,mchawkleypu@flickr.com
932,Tandie,Laugharne,tlaugharnepv,mB4|CV&0xB,7 Monument Circle,419-268-4739,tlaugharnepv@123-reg.co.uk
933,Saraann,Tyers,styerspw,fO3~K)vzp'twA,8437 Washington Center,318-653-1518,styerspw@nps.gov
934,Jo,Jenson,jjensonpx,"cJ0&uoH$8(@O+""`X",422 Judy Avenue,392-797-2326,jjensonpx@addtoany.com
935,Nichole,Crook,ncrookpy,"uJ3'""mK""ak9Mru`",1 Jenna Plaza,360-323-8143,ncrookpy@wired.com
936,Paulita,Kittless,pkittlesspz,aA4=KJAmIa@5Lw},124 Nevada Hill,963-257-6853,pkittlesspz@chicagotribune.com
937,Stevana,Deeves,sdeevesq0,sF9$Q(o=yHd@n'vs,25574 Ohio Road,459-776-0711,sdeevesq0@hatena.ne.jp
938,Bevon,Yo,byoq1,bR9+t>LH%Go~(/5',18547 Lillian Road,775-266-1995,byoq1@rambler.ru
939,Gannon,Gomm,ggommq2,vF5}jNAE'#,07945 Beilfuss Park,798-521-5742,ggommq2@wikimedia.org
940,Steven,Stringman,sstringmanq3,lY5|?}o@s)&U>NI,88894 Truax Terrace,748-134-7190,sstringmanq3@hao123.com
941,Teddi,Kleinert,tkleinertq4,uI1'FL0s~|=$0X+,035 Corben Junction,188-433-2889,tkleinertq4@google.com.au
942,Zacherie,Donnel,zdonnelq5,"uS4""!oIPa",8 Mayer Road,330-851-3596,zdonnelq5@parallels.com
943,Giacobo,Allum,gallumq6,lZ6'CuCcnD,6089 Mesta Hill,617-664-3800,gallumq6@sun.com
944,Arlyne,Youings,ayouingsq7,rW2{.~TM(B{8_,96724 David Terrace,229-796-8266,ayouingsq7@vistaprint.com
945,Maxie,Gentle,mgentleq8,"iW9!*P7Suu""i&g",695 Tony Point,146-651-6697,mgentleq8@bloglovin.com
946,Orsa,Rakes,orakesq9,vU8(HFad!,63273 Briar Crest Avenue,747-383-5283,orakesq9@xrea.com
947,Luci,Shimwell,lshimwellqa,"gQ8|K|y!gL""",134 Di Loreto Drive,559-105-3030,lshimwellqa@studiopress.com
948,Cesare,Pagel,cpagelqb,"dS9&S+,MA6`FjGN=",0671 Hudson Place,623-650-0910,cpagelqb@eepurl.com
949,Anallise,Stacey,astaceyqc,"eP7_,LDT!iN",78524 Kedzie Junction,133-417-6385,astaceyqc@shareasale.com
950,Odille,Kondrat,okondratqd,"yX9*H<(I7nI/d""<%",65 Vera Road,506-643-2676,okondratqd@baidu.com
951,Terri-jo,Alpe,talpeqe,vO9+LTLn,073 Mallory Trail,538-441-2774,talpeqe@fastcompany.com
952,Lynn,Gilluley,lgilluleyqf,nQ4*85N7{,625 Surrey Court,164-817-7507,lgilluleyqf@hubpages.com
953,Winthrop,Marlow,wmarlowqg,qZ2>=/Z(fx,37609 Glacier Hill Drive,580-385-9095,wmarlowqg@slate.com
954,Gertrudis,Margery,gmargeryqh,eZ8<*G*54rv,43842 Arizona Crossing,862-255-9533,gmargeryqh@nytimes.com
955,Lemmie,McKaile,lmckaileqi,zX2!<kisiz,8 Eastlawn Alley,585-192-8398,lmckaileqi@live.com
956,Danika,Endricci,dendricciqj,xW0*AYX\f`KS_VXx,69 Jay Place,374-799-0469,dendricciqj@cdc.gov
957,Pansy,Griffiths,pgriffithsqk,"gO8\y$,|>d{FlH+",8377 Kinsman Parkway,405-769-2991,pgriffithsqk@nhs.uk
958,Hunfredo,Huison,hhuisonql,"uC0=*\ibADh,v,u",3633 Prairie Rose Plaza,699-659-4062,hhuisonql@acquirethisname.com
959,Dorene,Barbrick,dbarbrickqm,aK8)Cl3o6\,2451 Warbler Alley,592-439-2668,dbarbrickqm@aol.com
960,Godfry,Weatherburn,gweatherburnqn,iG8%J|i5?MAX7i1,47 Fulton Parkway,441-245-5460,gweatherburnqn@webnode.com
961,Durant,Dulieu,ddulieuqo,"sC3<0'uo,1",53289 Corben Avenue,269-899-1618,ddulieuqo@istockphoto.com
962,Eulalie,Stolberger,estolbergerqp,"wF3.%p@""mWX",271 American Ash Park,815-920-1837,estolbergerqp@elpais.com
963,Konstantine,Mustarde,kmustardeqq,lD2%AM&CnU,014 Forster Trail,105-560-9701,kmustardeqq@twitpic.com
964,Jamima,Dorwood,jdorwoodqr,iV6`36l#G$%B,96676 Ludington Alley,655-240-5371,jdorwoodqr@technorati.com
965,Trix,Oganesian,toganesianqs,"fO6"",=l2Rkg?DJD",1141 Chinook Trail,716-387-1581,toganesianqs@ucsd.edu
966,Willdon,Northen,wnorthenqt,wW8'{h{C,12 Michigan Road,552-960-8127,wnorthenqt@shop-pro.jp
967,Sim,Matteucci,smatteucciqu,sM4/1ko%fX'd9P,23810 Memorial Place,292-884-1747,smatteucciqu@geocities.jp
968,Koren,Gasperi,kgasperiqv,wP2`k8S#Yh5{iu.s,9409 Blackbird Parkway,284-746-3131,kgasperiqv@cpanel.net
969,Isa,Benjefield,ibenjefieldqw,"tO7""""ow=#V\~",6686 Vidon Trail,582-728-1332,ibenjefieldqw@hhs.gov
970,Astra,McGahy,amcgahyqx,tQ9%\ea*FKx!p,13 Bobwhite Drive,454-175-5305,amcgahyqx@lycos.com
971,Rudiger,Sherar,rsherarqy,nM4}SL9'ZEP<9,3820 School Junction,162-189-0681,rsherarqy@sciencedirect.com
972,Warden,Penbarthy,wpenbarthyqz,dA0<%__9,15324 Northview Road,815-453-8053,wpenbarthyqz@hugedomains.com
973,Madelin,Bauduccio,mbauduccior0,lD1|c(}g+tI?,64634 Dawn Terrace,467-758-7748,mbauduccior0@squidoo.com
974,Kariotta,Bevan,kbevanr1,fJ8{w.S<U>jj16S,97 Emmet Alley,734-623-4537,kbevanr1@si.edu
975,Mace,Spadollini,mspadollinir2,pI1`xc_BJo_pvF#l,0862 Duke Trail,292-145-4883,mspadollinir2@wix.com
976,Kearney,Sloley,ksloleyr3,"uB0""#7j*P.""8f9C",53100 Del Sol Road,210-453-0182,ksloleyr3@examiner.com
977,Nelia,Ianetti,nianettir4,gG0*P.x5C%i`le)\,986 Oriole Road,231-186-4835,nianettir4@cloudflare.com
978,Clea,Crease,ccreaser5,mM4(z5yKMd,6305 Melvin Avenue,376-250-7352,ccreaser5@macromedia.com
979,Ivor,Sheaber,isheaberr6,zV4=qBT<0&.`xD,32 Novick Junction,721-659-6024,isheaberr6@amazon.co.jp
980,Torrin,Moehle,tmoehler7,"rW7$0A_w""5x<aOT",895 Ridge Oak Court,740-854-7687,tmoehler7@apple.com
981,Malena,Carlisle,mcarlisler8,nF8{NL8a,1295 Pepper Wood Circle,202-170-6374,mcarlisler8@google.ru
982,Caria,Lowell,clowellr9,cU7|OqNcS*m,6411 Hoard Center,407-238-9743,clowellr9@over-blog.com
983,Noam,Titlow,ntitlowra,qY8'9CrQpp,5402 Warbler Plaza,526-119-8790,ntitlowra@ebay.co.uk
984,Vivyanne,Berendsen,vberendsenrb,zK2<DANbkwcM}ZD,6036 8th Way,432-432-3724,vberendsenrb@mtv.com
985,Fran,Widdicombe,fwiddicomberc,"cI2"">I5<E99W$x",42538 Sutteridge Lane,591-139-6233,fwiddicomberc@hugedomains.com
986,Rudiger,Oakley,roakleyrd,"zM7|(W&/""2Q0aq~",9054 8th Court,689-729-3965,roakleyrd@indiegogo.com
987,Carol-jean,Pavel,cpavelre,nK1~UDZw9?<,4 Forster Pass,480-163-3709,cpavelre@wordpress.com
988,Tobe,Brundale,tbrundalerf,kY2*KrD\*,55 Warbler Trail,292-679-7009,tbrundalerf@cornell.edu
989,Diena,Mettrick,dmettrickrg,lN5{O~{|Z5w4U,44132 Pine View Street,922-224-5102,dmettrickrg@npr.org
990,Morton,Kydd,mkyddrh,nF9\#~r5{|n9F,38 Debra Park,963-112-8211,mkyddrh@surveymonkey.com
991,Packston,Tredwell,ptredwellri,"dA0+,.&95,q",63810 Golden Leaf Point,470-332-3326,ptredwellri@tripod.com
992,Dwight,Puden,dpudenrj,dP9{fvtsk$>xU,38992 Fuller Way,506-377-8079,dpudenrj@shareasale.com
993,Stearn,Physick,sphysickrk,bM6/?PZeNo?G.C/m,8 Village Green Junction,713-746-6530,sphysickrk@symantec.com
994,Cobby,Whannel,cwhannelrl,"bJ0',d#Q",54 Cascade Center,884-267-9324,cwhannelrl@cbc.ca
995,Estele,Swyndley,eswyndleyrm,tC1!qxWIBl,796 Canary Terrace,165-839-7154,eswyndleyrm@tumblr.com
996,Henri,MacRory,hmacroryrn,hI5+\i~4o\rQ,03 Acker Way,813-464-1903,hmacroryrn@cpanel.net
997,Jan,Lorie,jloriero,"eG8(#5ip4L=l""D(H",96215 Rusk Road,710-456-5963,jloriero@apache.org
998,Anthony,Nevill,anevillrp,aJ4|YmsZ(fmoZ,64132 Novick Place,533-854-3883,anevillrp@mac.com
999,Tiebold,Stanion,tstanionrq,oI2'dB!n9cq=RZye,389 Rieder Alley,789-738-4066,tstanionrq@smh.com.au
1000,Meagan,Earsman,mearsmanrr,hY9$w7fO5zolq6,67631 Weeping Birch Terrace,796-305-2860,mearsmanrr@about.me
