ModuleID,UserID,Presence
1,584,1
1,102,1
1,899,1
1,241,1
1,15,1
1,96,0
1,868,1
1,56,1
1,22,0
1,253,1
1,993,0
1,130,0
1,307,0
1,651,0
1,741,0
1,586,1
1,231,0
1,964,0
1,760,1
1,846,0
1,604,1
1,600,0
1,58,1
1,842,0
1,398,1
1,744,0
1,924,0
1,883,0
1,994,1
1,629,1
1,676,1
1,588,0
1,724,1
1,278,0
1,448,1
1,245,1
1,420,1
1,698,1
1,606,1
1,995,0
1,70,1
1,376,0
1,192,0
1,52,1
1,618,0
1,115,1
1,415,1
1,222,1
1,695,0
1,131,1
2,42,0
2,357,1
2,826,1
2,559,1
2,741,1
2,21,1
2,396,1
2,95,1
2,701,1
2,550,1
2,800,1
2,317,1
2,242,1
2,539,0
2,160,1
2,860,1
2,49,0
2,750,0
2,443,1
2,863,1
2,731,1
2,612,1
2,111,0
2,946,1
2,434,1
2,172,0
2,150,0
2,949,1
2,909,1
2,946,1
2,252,1
2,256,0
2,644,0
2,56,0
2,159,1
2,743,1
2,907,1
2,207,0
2,804,0
2,299,1
2,633,1
2,457,1
2,115,1
2,415,0
2,131,1
2,83,1
2,446,1
2,494,1
2,4,1
2,103,0
3,357,1
3,458,1
3,371,1
3,666,1
3,689,1
3,515,0
3,620,1
3,384,0
3,814,1
3,986,1
3,611,1
3,748,0
3,532,0
3,672,0
3,228,1
3,500,0
3,49,0
3,807,1
3,415,1
3,258,1
3,746,1
3,550,1
3,787,1
3,564,0
3,662,0
3,157,0
3,51,0
3,639,1
3,800,1
3,214,0
3,763,0
3,970,0
3,234,0
3,754,1
3,512,0
3,238,0
3,218,1
3,103,1
3,434,1
3,375,1
3,606,0
3,550,1
3,272,0
3,810,0
3,231,1
3,904,1
3,890,0
3,231,1
3,650,1
3,109,1
4,590,1
4,344,1
4,352,1
4,413,1
4,90,1
4,451,1
4,740,1
4,897,0
4,968,1
4,101,0
4,696,1
4,611,1
4,691,0
4,290,1
4,386,0
4,635,1
4,371,1
4,626,1
4,906,1
4,451,1
4,631,0
4,473,1
4,201,1
4,948,1
4,972,1
4,114,0
4,645,1
4,22,1
4,317,1
4,451,1
4,115,1
4,362,1
4,417,1
4,445,1
4,806,0
4,164,0
4,644,1
4,685,1
4,306,1
4,297,1
4,557,1
4,343,1
4,712,0
4,141,0
4,815,1
4,52,0
4,309,0
4,461,1
4,105,1
4,369,1
5,592,1
5,650,1
5,885,1
5,387,1
5,881,0
5,153,1
5,623,0
5,374,1
5,200,1
5,736,1
5,1,1
5,129,1
5,481,0
5,16,1
5,75,0
5,349,0
5,361,0
5,184,1
5,96,0
5,763,1
5,672,0
5,123,1
5,994,0
5,707,1
5,666,0
5,672,1
5,509,0
5,204,1
5,186,1
5,860,0
5,128,1
5,733,0
5,372,0
5,928,1
5,62,0
5,314,1
5,831,1
5,274,0
5,660,0
5,780,1
5,703,1
5,695,1
5,680,0
5,193,1
5,973,1
5,969,1
5,225,1
5,237,0
5,782,1
5,867,1
6,789,1
6,251,1
6,754,1
6,68,1
6,361,1
6,209,1
6,443,1
6,625,0
6,1,0
6,772,0
6,145,1
6,150,0
6,400,0
6,460,0
6,967,1
6,440,1
6,272,1
6,133,0
6,406,1
6,891,1
6,507,0
6,673,1
6,747,1
6,999,1
6,525,0
6,514,1
6,468,1
6,370,0
6,885,1
6,898,1
6,209,1
6,792,1
6,501,1
6,241,0
6,958,1
6,358,0
6,776,0
6,601,1
6,762,1
6,863,1
6,901,0
6,823,0
6,98,1
6,217,1
6,147,1
6,88,1
6,385,1
6,758,1
6,366,1
6,458,1
7,401,1
7,806,1
7,511,0
7,804,1
7,665,1
7,770,0
7,482,1
7,246,0
7,915,1
7,669,0
7,804,1
7,718,1
7,553,1
7,963,0
7,816,1
7,598,1
7,632,1
7,437,1
7,777,1
7,5,0
7,850,1
7,461,1
7,991,1
7,278,1
7,740,1
7,215,1
7,953,1
7,593,0
7,385,1
7,545,1
7,639,0
7,173,1
7,582,0
7,653,1
7,407,0
7,124,1
7,133,1
7,131,1
7,345,1
7,370,0
7,537,1
7,100,1
7,342,0
7,356,1
7,770,0
7,126,1
7,288,1
7,142,0
7,463,1
7,248,1
8,176,0
8,399,0
8,976,1
8,408,1
8,310,1
8,711,0
8,94,1
8,703,1
8,750,1
8,883,1
8,87,1
8,30,1
8,733,0
8,65,1
8,618,0
8,471,0
8,840,1
8,75,0
8,582,1
8,854,1
8,359,1
8,413,0
8,571,1
8,782,0
8,234,1
8,903,1
8,35,0
8,43,1
8,637,1
8,430,1
8,838,1
8,436,1
8,561,0
8,95,1
8,282,0
8,2,1
8,392,1
8,335,1
8,881,1
8,451,0
8,561,1
8,210,1
8,926,1
8,496,0
8,832,0
8,345,0
8,391,1
8,528,1
8,183,1
8,852,1
9,954,1
9,700,0
9,779,1
9,586,0
9,837,1
9,192,1
9,236,1
9,267,1
9,559,1
9,6,1
9,968,0
9,981,1
9,16,1
9,184,1
9,101,1
9,636,1
9,753,1
9,25,1
9,334,1
9,639,1
9,247,0
9,526,0
9,82,1
9,179,1
9,796,1
9,392,1
9,716,1
9,185,0
9,774,1
9,961,1
9,657,0
9,987,1
9,642,0
9,293,0
9,307,1
9,733,0
9,945,0
9,766,1
9,848,1
9,81,0
9,685,0
9,865,0
9,589,1
9,884,0
9,281,1
9,720,1
9,260,1
9,611,0
9,538,1
9,855,0
10,99,0
10,719,1
10,577,1
10,655,0
10,543,0
10,974,0
10,692,1
10,456,1
10,517,0
10,678,1
10,858,0
10,761,0
10,653,0
10,423,0
10,372,1
10,432,1
10,884,1
10,476,0
10,866,1
10,16,1
10,915,1
10,619,1
10,34,1
10,579,1
10,403,1
10,67,0
10,777,1
10,730,1
10,393,0
10,669,1
10,44,1
10,705,0
10,446,1
10,612,1
10,10,1
10,857,1
10,617,0
10,152,1
10,902,1
10,77,1
10,913,1
10,351,0
10,421,0
10,771,1
10,923,0
10,463,1
10,620,1
10,365,0
10,519,1
10,87,1
11,44,1
11,333,0
11,648,1
11,80,1
11,572,1
11,729,1
11,992,0
11,30,0
11,4,1
11,679,1
11,880,1
11,615,1
11,415,1
11,92,1
11,319,0
11,869,1
11,70,1
11,121,1
11,334,0
11,672,0
11,462,1
11,639,0
11,189,1
11,167,1
11,833,0
11,916,1
11,655,0
11,316,1
11,897,1
11,392,1
11,501,1
11,773,1
11,150,1
11,746,1
11,377,1
11,795,0
11,76,0
11,938,1
11,828,1
11,508,1
11,136,1
11,865,1
11,458,1
11,83,0
11,518,1
11,805,0
11,738,0
11,807,0
11,975,1
11,202,1
12,711,1
12,553,1
12,233,0
12,758,1
12,68,1
12,703,0
12,621,1
12,16,0
12,591,1
12,321,0
12,485,1
12,785,1
12,581,1
12,388,0
12,568,0
12,352,1
12,59,0
12,843,1
12,599,0
12,936,1
12,521,1
12,239,1
12,348,0
12,304,1
12,218,1
12,319,1
12,713,0
12,275,0
12,71,0
12,523,0
12,789,1
12,640,1
12,468,0
12,151,1
12,358,1
12,617,1
12,458,0
12,721,1
12,726,1
12,743,0
12,349,1
12,433,0
12,138,0
12,147,0
12,908,1
12,554,0
12,458,0
12,95,1
12,803,1
12,80,0
13,1,1
13,826,1
13,227,1
13,794,1
13,203,1
13,505,1
13,117,1
13,579,0
13,908,0
13,18,1
13,729,1
13,73,0
13,79,0
13,425,1
13,611,0
13,535,1
13,564,0
13,678,0
13,445,1
13,399,1
13,393,0
13,156,1
13,684,1
13,970,1
13,489,1
13,661,1
13,660,1
13,849,1
13,780,1
13,170,1
13,414,1
13,329,0
13,64,0
13,197,1
13,501,1
13,437,1
13,903,0
13,797,0
13,488,1
13,279,1
13,799,0
13,629,1
13,106,0
13,891,1
13,750,0
13,62,0
13,803,1
13,646,1
13,290,1
13,795,1
14,542,1
14,641,1
14,210,1
14,465,1
14,776,1
14,416,1
14,736,0
14,371,1
14,515,1
14,235,1
14,280,0
14,63,1
14,339,1
14,602,1
14,630,1
14,304,1
14,332,0
14,171,0
14,449,1
14,933,1
14,776,0
14,368,0
14,577,1
14,182,1
14,958,0
14,979,1
14,445,0
14,954,1
14,461,1
14,719,1
14,449,0
14,948,0
14,163,0
14,900,0
14,67,0
14,154,0
14,768,1
14,96,1
14,152,1
14,616,0
14,764,1
14,335,1
14,443,0
14,529,0
14,512,0
14,639,1
14,42,1
14,698,1
14,446,1
14,427,1
15,64,1
15,528,0
15,795,1
15,237,0
15,736,1
15,935,0
15,551,1
15,527,1
15,204,0
15,969,1
15,477,1
15,583,1
15,408,0
15,778,1
15,856,1
15,170,1
15,165,0
15,12,0
15,429,0
15,534,1
15,868,0
15,655,1
15,503,1
15,873,1
15,552,1
15,636,1
15,225,1
15,644,1
15,977,0
15,26,1
15,602,1
15,705,1
15,515,0
15,950,1
15,640,1
15,392,1
15,919,1
15,242,0
15,885,1
15,841,1
15,318,0
15,619,1
15,633,1
15,907,1
15,790,1
15,851,1
15,380,1
15,298,1
15,583,1
15,158,1
16,520,1
16,135,1
16,730,1
16,449,1
16,103,0
16,40,1
16,413,1
16,282,0
16,746,0
16,478,1
16,353,1
16,545,1
16,999,0
16,265,1
16,341,1
16,142,1
16,796,0
16,821,1
16,741,0
16,198,0
16,125,1
16,925,1
16,180,1
16,642,1
16,689,0
16,829,0
16,929,0
16,547,1
16,100,0
16,87,1
16,74,1
16,98,1
16,625,0
16,638,1
16,62,0
16,920,0
16,358,1
16,367,1
16,857,0
16,180,0
16,693,0
16,466,0
16,237,0
16,935,0
16,123,1
16,297,0
16,808,0
16,401,1
16,985,1
16,855,1
17,468,1
17,736,1
17,225,1
17,830,0
17,793,1
17,727,1
17,801,1
17,330,1
17,960,1
17,622,1
17,278,1
17,701,1
17,663,0
17,542,0
17,305,1
17,603,1
17,155,1
17,203,1
17,372,0
17,716,1
17,84,1
17,785,1
17,715,0
17,220,1
17,261,1
17,660,1
17,725,0
17,594,0
17,920,1
17,502,0
17,211,1
17,272,1
17,101,0
17,392,0
17,605,1
17,791,1
17,901,0
17,792,0
17,857,0
17,182,1
17,619,0
17,546,0
17,432,1
17,265,0
17,966,0
17,333,1
17,611,1
17,267,1
17,933,0
17,846,0
18,313,1
18,145,0
18,900,0
18,338,1
18,430,1
18,325,0
18,715,0
18,999,1
18,318,1
18,570,1
18,695,0
18,111,1
18,911,1
18,748,1
18,899,1
18,174,0
18,956,1
18,34,0
18,695,0
18,42,1
18,245,1
18,34,1
18,185,0
18,74,1
18,16,0
18,759,0
18,758,1
18,175,0
18,934,1
18,24,0
18,720,1
18,165,1
18,240,1
18,240,0
18,626,1
18,217,1
18,252,1
18,82,1
18,988,0
18,690,1
18,155,1
18,48,0
18,885,1
18,903,1
18,740,1
18,130,0
18,914,0
18,444,1
18,248,1
18,341,1
19,107,1
19,322,1
19,122,0
19,569,1
19,708,0
19,764,1
19,280,1
19,791,1
19,889,1
19,123,1
19,67,0
19,980,0
19,31,1
19,398,0
19,723,0
19,922,1
19,341,0
19,391,1
19,543,0
19,98,1
19,672,1
19,896,1
19,360,1
19,674,1
19,228,0
19,84,0
19,725,1
19,692,1
19,308,1
19,199,0
19,314,1
19,926,1
19,555,1
19,623,0
19,600,0
19,754,1
19,415,1
19,435,0
19,913,1
19,474,1
19,195,1
19,118,1
19,831,0
19,317,1
19,584,0
19,18,0
19,389,0
19,879,0
19,635,1
19,157,0
20,588,1
20,680,0
20,600,1
20,169,1
20,305,0
20,779,1
20,613,0
20,747,1
20,654,0
20,573,0
20,422,1
20,988,0
20,395,0
20,416,0
20,815,1
20,413,1
20,131,0
20,436,1
20,137,1
20,880,1
20,222,1
20,298,0
20,402,1
20,474,1
20,767,0
20,97,0
20,532,0
20,985,1
20,857,0
20,980,0
20,199,0
20,340,1
20,580,1
20,378,1
20,466,0
20,358,0
20,613,0
20,424,0
20,541,1
20,846,1
20,420,0
20,806,1
20,687,1
20,609,1
20,245,1
20,89,1
20,269,1
20,576,1
20,426,1
20,678,1
21,666,1
21,520,0
21,704,0
21,460,0
21,323,1
21,993,0
21,329,1
21,572,1
21,584,1
21,545,1
21,733,1
21,25,1
21,201,1
21,14,0
21,602,1
21,238,1
21,928,0
21,161,0
21,316,0
21,635,1
21,127,1
21,306,1
21,566,0
21,64,1
21,359,1
21,863,1
21,718,0
21,247,1
21,106,0
21,287,0
21,525,1
21,60,0
21,971,0
21,479,0
21,990,1
21,769,0
21,333,1
21,949,1
21,102,1
21,470,1
21,849,0
21,955,1
21,571,0
21,288,1
21,687,0
21,462,1
21,925,1
21,70,1
21,729,1
21,413,1
22,868,1
22,974,1
22,276,1
22,209,1
22,473,1
22,498,0
22,862,0
22,405,1
22,84,1
22,590,1
22,266,0
22,532,1
22,332,1
22,545,1
22,62,1
22,41,1
22,26,1
22,424,1
22,799,0
22,237,0
22,74,0
22,377,0
22,95,0
22,334,0
22,680,1
22,525,0
22,86,1
22,548,1
22,126,1
22,457,0
22,556,1
22,830,1
22,688,0
22,945,0
22,185,1
22,372,0
22,252,1
22,382,1
22,225,1
22,633,1
22,133,0
22,977,1
22,639,0
22,147,1
22,658,0
22,217,1
22,709,0
22,910,1
22,802,1
22,821,1
23,966,1
23,31,0
23,797,1
23,278,0
23,260,0
23,742,1
23,181,1
23,534,0
23,973,0
23,797,0
23,20,1
23,589,1
23,584,0
23,595,1
23,504,1
23,851,1
23,892,0
23,614,1
23,781,1
23,832,1
23,733,1
23,966,1
23,40,0
23,298,1
23,568,1
23,732,0
23,39,1
23,543,0
23,516,1
23,985,0
23,741,1
23,533,0
23,402,1
23,106,0
23,776,0
23,47,1
23,763,1
23,704,1
23,809,0
23,576,1
23,898,1
23,984,1
23,479,1
23,694,0
23,599,1
23,723,1
23,82,1
23,914,0
23,68,1
23,173,0
24,460,1
24,107,0
24,32,0
24,61,1
24,875,1
24,210,1
24,173,1
24,629,1
24,233,1
24,368,1
24,397,1
24,181,0
24,868,1
24,318,1
24,561,0
24,597,0
24,528,1
24,318,1
24,627,1
24,725,0
24,491,1
24,10,0
24,484,1
24,279,0
24,133,1
24,485,1
24,740,1
24,979,1
24,316,1
24,416,0
24,152,0
24,813,1
24,416,0
24,212,1
24,268,1
24,725,0
24,45,0
24,543,1
24,13,1
24,724,0
24,565,0
24,690,0
24,798,1
24,837,1
24,513,0
24,84,1
24,918,1
24,80,0
24,97,1
24,348,0
25,219,1
25,762,1
25,704,1
25,571,1
25,291,1
25,186,1
25,159,1
25,740,1
25,2,0
25,657,0
25,291,0
25,737,0
25,624,1
25,643,1
25,621,1
25,234,1
25,118,0
25,436,1
25,825,1
25,340,0
25,450,1
25,128,1
25,144,1
25,825,1
25,753,0
25,990,1
25,201,0
25,422,1
25,959,1
25,915,0
25,963,0
25,265,0
25,370,1
25,340,1
25,148,1
25,752,0
25,117,0
25,998,1
25,912,0
25,328,0
25,44,1
25,702,1
25,426,0
25,345,0
25,426,1
25,491,1
25,707,1
25,224,1
25,298,1
25,332,1
26,89,0
26,426,1
26,441,1
26,984,1
26,60,1
26,91,0
26,248,0
26,723,1
26,155,1
26,608,1
26,548,0
26,533,0
26,124,1
26,678,0
26,437,0
26,417,1
26,530,0
26,653,1
26,553,1
26,513,1
26,984,0
26,101,1
26,712,1
26,798,1
26,3,1
26,693,0
26,340,0
26,449,0
26,363,0
26,751,0
26,32,0
26,759,1
26,255,0
26,20,0
26,876,1
26,446,1
26,313,1
26,114,0
26,822,1
26,291,1
26,306,1
26,496,0
26,192,1
26,136,1
26,440,1
26,508,0
26,62,0
26,860,1
26,221,0
26,724,1
27,728,0
27,999,0
27,499,1
27,823,1
27,862,1
27,577,1
27,438,1
27,654,1
27,326,0
27,684,1
27,761,0
27,83,1
27,914,0
27,497,1
27,742,0
27,888,0
27,411,0
27,779,1
27,614,1
27,733,1
27,879,0
27,518,1
27,560,1
27,903,0
27,87,0
27,42,1
27,852,1
27,484,0
27,880,0
27,63,0
27,644,1
27,475,1
27,591,0
27,478,1
27,639,1
27,235,0
27,534,0
27,68,1
27,473,1
27,984,1
27,482,1
27,633,0
27,316,1
27,176,1
27,89,0
27,866,1
27,75,0
27,384,0
27,900,1
27,217,1
28,563,1
28,352,1
28,413,1
28,341,1
28,130,0
28,578,0
28,37,0
28,672,0
28,486,0
28,161,1
28,491,1
28,894,1
28,458,1
28,710,0
28,428,1
28,737,1
28,809,1
28,396,1
28,31,1
28,411,1
28,391,0
28,150,1
28,55,0
28,479,1
28,612,1
28,741,1
28,863,0
28,680,1
28,562,1
28,169,0
28,148,1
28,4,0
28,363,1
28,282,1
28,182,0
28,861,1
28,883,0
28,762,1
28,479,1
28,250,1
28,127,1
28,107,1
28,612,0
28,962,1
28,795,0
28,861,1
28,457,1
28,425,1
28,220,0
28,493,1
29,324,1
29,115,0
29,275,0
29,860,0
29,488,0
29,629,1
29,727,1
29,219,0
29,27,0
29,201,1
29,393,1
29,91,1
29,114,0
29,849,1
29,895,0
29,199,1
29,876,0
29,203,1
29,404,0
29,425,1
29,804,1
29,458,1
29,245,1
29,623,1
29,683,1
29,647,1
29,901,1
29,751,1
29,620,1
29,258,0
29,871,0
29,662,1
29,158,0
29,786,0
29,277,1
29,63,0
29,803,1
29,2,1
29,734,1
29,382,1
29,471,1
29,535,1
29,275,0
29,958,1
29,704,1
29,293,1
29,254,0
29,803,1
29,670,1
29,384,1
30,359,1
30,46,0
30,131,1
30,734,0
30,676,1
30,917,1
30,555,1
30,678,1
30,243,0
30,254,1
30,462,1
30,652,0
30,829,0
30,300,1
30,147,1
30,205,1
30,299,0
30,483,1
30,479,1
30,301,1
30,388,1
30,606,1
30,153,1
30,43,0
30,84,1
30,342,1
30,135,1
30,199,1
30,460,1
30,843,1
30,564,0
30,188,0
30,254,1
30,743,0
30,892,1
30,162,0
30,426,1
30,547,1
30,775,1
30,916,0
30,958,1
30,381,1
30,117,1
30,438,0
30,676,1
30,477,1
30,315,1
30,704,1
30,60,1
30,706,0
31,844,1
31,909,1
31,837,1
31,371,0
31,431,1
31,504,1
31,256,1
31,530,0
31,285,0
31,742,0
31,404,0
31,882,0
31,77,1
31,522,1
31,597,0
31,224,0
31,254,1
31,351,0
31,22,1
31,214,1
31,420,1
31,659,1
31,603,1
31,430,0
31,988,1
31,11,1
31,692,1
31,805,0
31,620,1
31,881,0
31,711,0
31,347,1
31,505,1
31,772,1
31,288,0
31,98,1
31,606,1
31,488,0
31,503,0
31,347,0
31,174,0
31,184,1
31,957,0
31,470,1
31,569,0
31,486,1
31,398,1
31,637,0
31,822,0
31,70,1
32,249,0
32,41,1
32,292,1
32,137,1
32,627,0
32,781,1
32,682,1
32,888,0
32,259,1
32,6,0
32,975,0
32,409,1
32,65,1
32,424,1
32,134,1
32,740,0
32,498,1
32,559,1
32,119,0
32,864,1
32,814,1
32,538,1
32,396,0
32,542,1
32,277,0
32,146,1
32,523,1
32,963,0
32,435,0
32,253,0
32,23,1
32,915,0
32,641,0
32,219,1
32,693,1
32,707,1
32,806,1
32,793,1
32,172,1
32,153,1
32,470,1
32,689,1
32,98,0
32,484,0
32,785,0
32,471,1
32,826,0
32,439,0
32,112,1
32,873,1
33,892,0
33,720,1
33,393,1
33,676,0
33,263,0
33,681,1
33,835,1
33,461,1
33,681,0
33,425,0
33,528,0
33,643,1
33,695,1
33,866,1
33,531,1
33,283,0
33,827,1
33,638,1
33,759,0
33,88,1
33,681,0
33,403,1
33,712,1
33,472,1
33,846,0
33,306,1
33,151,0
33,521,1
33,67,1
33,126,1
33,148,1
33,424,0
33,547,1
33,642,1
33,422,1
33,280,1
33,224,1
33,864,0
33,994,1
33,480,1
33,342,1
33,722,1
33,183,1
33,137,1
33,440,0
33,848,0
33,907,1
33,860,1
33,481,0
33,823,1
34,338,1
34,395,1
34,796,1
34,147,0
34,751,1
34,879,1
34,735,1
34,389,0
34,955,0
34,270,1
34,349,1
34,195,0
34,840,1
34,526,0
34,266,0
34,765,1
34,252,1
34,532,0
34,531,1
34,255,1
34,85,1
34,659,1
34,645,1
34,183,0
34,872,1
34,74,0
34,682,1
34,574,1
34,721,0
34,949,1
34,738,0
34,615,0
34,19,1
34,736,1
34,885,1
34,337,1
34,689,1
34,201,1
34,917,0
34,797,1
34,323,1
34,11,0
34,133,1
34,102,0
34,113,0
34,214,0
34,167,0
34,37,1
34,578,0
34,192,1
35,764,1
35,418,0
35,736,1
35,200,1
35,511,1
35,712,1
35,269,1
35,626,1
35,560,1
35,807,1
35,347,1
35,174,1
35,73,1
35,813,1
35,388,1
35,233,0
35,644,1
35,968,0
35,477,0
35,716,1
35,312,1
35,534,0
35,360,0
35,498,1
35,787,1
35,783,0
35,644,1
35,29,1
35,100,1
35,539,1
35,367,1
35,99,1
35,509,1
35,818,1
35,509,1
35,646,1
35,219,0
35,765,1
35,39,1
35,674,0
35,355,1
35,397,1
35,752,0
35,976,1
35,72,0
35,864,1
35,403,1
35,657,0
35,216,1
35,98,1
36,794,1
36,133,1
36,280,1
36,658,1
36,288,1
36,980,1
36,695,0
36,513,1
36,436,1
36,847,1
36,149,1
36,15,1
36,612,0
36,346,1
36,684,1
36,512,1
36,458,1
36,207,1
36,659,0
36,410,1
36,887,0
36,835,0
36,252,1
36,150,1
36,791,1
36,468,0
36,79,1
36,342,0
36,214,1
36,673,1
36,542,0
36,278,0
36,895,1
36,353,1
36,948,0
36,303,0
36,484,0
36,758,0
36,172,1
36,613,0
36,536,1
36,873,1
36,645,1
36,676,1
36,322,0
36,795,0
36,706,1
36,383,0
36,667,1
36,12,0
37,931,0
37,280,1
37,583,0
37,403,1
37,920,1
37,455,0
37,277,0
37,587,0
37,896,0
37,183,0
37,409,1
37,185,1
37,773,1
37,219,1
37,786,1
37,149,0
37,633,1
37,338,1
37,112,1
37,668,1
37,369,0
37,633,0
37,629,1
37,610,1
37,583,1
37,204,1
37,803,1
37,277,1
37,894,1
37,626,0
37,225,1
37,679,1
37,819,1
37,867,1
37,88,1
37,823,0
37,354,0
37,723,0
37,872,1
37,857,0
37,561,1
37,928,1
37,713,1
37,886,0
37,699,1
37,762,1
37,97,1
37,445,1
37,466,1
37,127,1
38,947,1
38,265,1
38,650,0
38,494,1
38,591,0
38,879,1
38,835,1
38,252,1
38,746,1
38,347,1
38,840,0
38,315,0
38,116,1
38,130,1
38,192,1
38,793,1
38,93,1
38,277,0
38,958,0
38,757,0
38,981,1
38,494,1
38,663,0
38,818,1
38,639,1
38,612,1
38,701,1
38,316,1
38,889,1
38,690,0
38,81,1
38,304,0
38,223,1
38,890,1
38,927,1
38,753,1
38,12,1
38,419,1
38,802,0
38,693,1
38,753,1
38,8,0
38,876,0
38,384,0
38,990,1
38,333,1
38,150,1
38,147,0
38,275,1
38,238,1
39,452,1
39,781,1
39,930,1
39,655,0
39,877,0
39,54,1
39,610,0
39,304,1
39,10,1
39,686,0
39,683,1
39,85,0
39,833,0
39,944,1
39,790,0
39,703,1
39,918,1
39,816,0
39,282,0
39,530,1
39,164,1
39,613,1
39,652,1
39,838,0
39,776,1
39,609,1
39,364,1
39,830,1
39,207,0
39,845,1
39,571,1
39,181,0
39,972,0
39,751,1
39,161,0
39,505,0
39,858,1
39,365,0
39,531,0
39,824,0
39,718,1
39,480,0
39,386,1
39,920,1
39,733,1
39,351,1
39,76,1
39,178,1
39,297,0
39,641,1
40,868,1
40,181,1
40,598,1
40,375,0
40,177,1
40,129,1
40,772,1
40,627,0
40,131,1
40,14,0
40,925,1
40,354,1
40,720,1
40,937,0
40,876,1
40,126,1
40,617,0
40,339,0
40,796,1
40,172,0
40,646,0
40,637,1
40,224,1
40,776,0
40,971,0
40,811,1
40,591,0
40,275,0
40,674,1
40,399,1
40,705,0
40,507,0
40,396,1
40,818,1
40,476,1
40,19,0
40,694,1
40,46,0
40,873,0
40,47,0
40,242,1
40,487,1
40,636,0
40,346,1
40,893,1
40,55,0
40,879,0
40,623,1
40,555,0
40,560,1
41,592,1
41,152,0
41,536,1
41,166,1
41,25,1
41,823,0
41,384,1
41,291,1
41,812,1
41,247,1
41,774,1
41,36,1
41,469,1
41,932,0
41,159,0
41,903,1
41,859,1
41,487,0
41,881,0
41,616,0
41,214,1
41,572,1
41,831,0
41,603,1
41,758,0
41,191,1
41,317,1
41,924,1
41,521,1
41,587,1
41,954,1
41,242,1
41,974,0
41,789,1
41,444,0
41,269,0
41,618,1
41,808,1
41,463,1
41,778,1
41,77,1
41,93,1
41,687,1
41,398,1
41,606,1
41,934,0
41,125,1
41,983,1
41,823,0
41,210,1
42,867,1
42,479,1
42,940,1
42,318,0
42,877,0
42,880,0
42,227,0
42,828,1
42,833,1
42,82,1
42,77,1
42,287,1
42,895,1
42,56,1
42,234,1
42,988,1
42,723,1
42,839,1
42,629,0
42,622,1
42,109,0
42,400,1
42,397,1
42,152,1
42,839,0
42,7,1
42,197,1
42,303,1
42,545,0
42,287,1
42,823,0
42,144,0
42,584,1
42,956,0
42,783,1
42,977,1
42,448,1
42,405,1
42,409,0
42,384,1
42,810,1
42,279,1
42,332,1
42,680,1
42,665,0
42,198,0
42,401,1
42,353,1
42,695,0
42,388,0
43,754,1
43,996,0
43,140,1
43,863,1
43,823,1
43,949,0
43,960,1
43,493,1
43,781,0
43,682,1
43,272,1
43,66,1
43,556,0
43,460,1
43,555,0
43,810,1
43,648,1
43,547,0
43,420,1
43,141,0
43,319,0
43,312,1
43,779,1
43,498,1
43,426,1
43,954,0
43,819,0
43,63,1
43,962,0
43,484,0
43,884,1
43,99,1
43,539,0
43,751,1
43,617,0
43,319,0
43,338,0
43,807,1
43,82,1
43,954,1
43,668,1
43,977,0
43,365,0
43,577,0
43,571,1
43,427,0
43,474,1
43,788,1
43,821,0
43,945,1
44,347,0
44,320,0
44,883,0
44,577,1
44,83,1
44,924,1
44,920,1
44,16,1
44,178,1
44,320,0
44,742,1
44,907,1
44,89,0
44,417,0
44,942,0
44,633,1
44,599,0
44,202,1
44,838,0
44,835,0
44,562,0
44,508,1
44,68,0
44,829,1
44,284,0
44,587,1
44,953,0
44,172,1
44,337,0
44,969,1
44,427,1
44,387,0
44,758,1
44,436,1
44,143,1
44,373,1
44,538,0
44,507,0
44,293,1
44,910,0
44,729,1
44,211,0
44,960,0
44,179,1
44,464,0
44,525,1
44,766,1
44,607,1
44,152,1
44,418,0
45,228,0
45,602,1
45,988,0
45,882,0
45,703,1
45,489,1
45,752,1
45,404,0
45,687,1
45,82,1
45,517,0
45,571,1
45,962,1
45,801,1
45,284,1
45,111,0
45,427,0
45,911,1
45,351,1
45,874,1
45,108,0
45,909,1
45,60,1
45,131,1
45,598,1
45,597,0
45,663,0
45,12,1
45,183,1
45,849,0
45,551,1
45,986,1
45,757,1
45,603,1
45,665,0
45,830,1
45,349,1
45,764,1
45,243,1
45,596,0
45,476,0
45,19,1
45,494,1
45,160,1
45,964,0
45,266,1
45,307,1
45,236,1
45,190,1
45,807,1
46,726,1
46,834,1
46,236,1
46,645,0
46,360,0
46,360,0
46,873,1
46,986,1
46,454,1
46,216,0
46,604,1
46,852,1
46,636,0
46,89,1
46,151,1
46,209,0
46,350,1
46,174,1
46,84,1
46,390,1
46,215,1
46,714,1
46,909,1
46,770,1
46,509,1
46,393,0
46,238,1
46,453,1
46,433,1
46,120,0
46,532,0
46,296,0
46,125,1
46,283,1
46,511,0
46,473,0
46,356,1
46,186,1
46,430,1
46,965,1
46,655,1
46,763,1
46,494,0
46,888,1
46,837,0
46,828,1
46,785,1
46,455,1
46,535,0
46,40,0
47,558,1
47,479,1
47,328,0
47,599,1
47,899,1
47,320,0
47,64,1
47,327,1
47,275,1
47,380,1
47,732,1
47,767,1
47,818,1
47,87,1
47,888,1
47,172,0
47,778,1
47,96,0
47,575,0
47,405,0
47,227,1
47,578,1
47,445,1
47,806,1
47,758,1
47,208,1
47,903,0
47,390,1
47,698,1
47,241,0
47,697,1
47,811,0
47,818,0
47,696,1
47,94,0
47,168,1
47,888,0
47,982,1
47,384,1
47,495,1
47,390,1
47,953,1
47,807,0
47,538,1
47,420,1
47,105,1
47,82,1
47,149,1
47,975,1
47,563,1
48,784,0
48,8,1
48,643,1
48,624,1
48,882,0
48,294,0
48,996,1
48,86,1
48,350,1
48,101,0
48,806,1
48,501,0
48,724,1
48,55,1
48,61,1
48,531,1
48,71,0
48,692,0
48,423,0
48,50,0
48,703,0
48,657,0
48,996,1
48,487,0
48,135,0
48,521,1
48,606,0
48,269,1
48,967,1
48,130,0
48,803,1
48,45,1
48,456,1
48,393,1
48,394,0
48,930,1
48,221,1
48,504,1
48,41,1
48,706,1
48,545,1
48,145,1
48,960,0
48,190,0
48,708,0
48,38,0
48,313,1
48,409,1
48,143,1
48,966,1
49,137,1
49,610,1
49,651,1
49,542,0
49,273,1
49,209,0
49,356,1
49,299,1
49,146,1
49,918,1
49,416,1
49,678,0
49,462,1
49,145,1
49,775,1
49,756,0
49,280,1
49,484,1
49,840,0
49,481,0
49,15,0
49,780,1
49,494,1
49,577,1
49,43,1
49,162,1
49,490,1
49,56,1
49,69,1
49,905,1
49,669,0
49,200,1
49,355,1
49,425,0
49,863,1
49,741,1
49,824,1
49,647,1
49,333,0
49,764,0
49,298,0
49,154,0
49,110,0
49,303,1
49,720,0
49,449,1
49,410,1
49,733,1
49,943,1
49,184,0
50,778,0
50,231,1
50,993,1
50,230,1
50,673,1
50,622,1
50,93,1
50,674,0
50,283,1
50,656,1
50,539,1
50,752,1
50,363,1
50,896,0
50,609,0
50,325,1
50,828,1
50,846,1
50,797,1
50,59,1
50,245,1
50,40,0
50,993,1
50,716,0
50,646,0
50,486,1
50,852,1
50,955,0
50,303,1
50,561,1
50,270,1
50,286,0
50,865,1
50,874,1
50,440,1
50,490,0
50,558,1
50,302,1
50,388,0
50,488,0
50,647,1
50,314,1
50,407,0
50,873,0
50,334,0
50,446,1
50,812,1
50,71,1
50,138,1
50,715,1
51,647,0
51,156,1
51,911,1
51,865,0
51,461,1
51,178,1
51,332,1
51,754,0
51,541,0
51,185,0
51,125,1
51,486,0
51,918,1
51,503,1
51,242,0
51,720,0
51,211,0
51,396,0
51,623,1
51,322,1
51,624,1
51,521,0
51,439,0
51,591,0
51,505,1
51,384,1
51,877,1
51,398,1
51,841,0
51,537,1
51,487,0
51,855,0
51,916,1
51,253,0
51,913,1
51,923,1
51,390,0
51,175,0
51,692,0
51,869,0
51,504,0
51,17,1
51,40,1
51,605,1
51,651,1
51,932,1
51,979,1
51,5,0
51,620,0
51,247,0
52,748,1
52,385,1
52,318,1
52,881,0
52,536,0
52,150,1
52,382,0
52,327,0
52,696,1
52,348,1
52,243,1
52,993,1
52,513,0
52,619,1
52,812,0
52,552,1
52,665,0
52,610,0
52,247,1
52,8,0
52,770,1
52,539,1
52,828,1
52,903,1
52,467,1
52,971,1
52,166,0
52,20,0
52,13,1
52,664,0
52,617,0
52,501,0
52,378,0
52,396,0
52,712,0
52,716,0
52,395,0
52,590,0
52,280,0
52,315,1
52,904,0
52,89,1
52,985,1
52,876,1
52,834,0
52,104,0
52,248,1
52,459,0
52,61,1
52,594,1
53,877,1
53,724,1
53,608,1
53,2,1
53,736,1
53,635,1
53,586,1
53,478,1
53,616,0
53,669,0
53,872,1
53,29,0
53,242,0
53,823,0
53,802,1
53,374,0
53,523,1
53,990,0
53,345,1
53,730,1
53,579,1
53,615,0
53,668,1
53,508,0
53,175,1
53,746,0
53,527,1
53,159,1
53,81,1
53,582,1
53,95,1
53,768,0
53,498,1
53,492,1
53,35,1
53,711,1
53,735,0
53,508,1
53,442,0
53,395,1
53,846,1
53,760,1
53,69,0
53,113,1
53,418,1
53,803,1
53,295,1
53,437,1
53,671,0
53,20,1
54,843,1
54,459,0
54,725,0
54,202,0
54,481,1
54,36,1
54,442,0
54,426,0
54,272,0
54,358,1
54,910,1
54,89,1
54,740,0
54,944,0
54,813,1
54,630,1
54,748,0
54,861,0
54,89,0
54,191,1
54,547,1
54,707,1
54,769,1
54,424,0
54,91,0
54,502,1
54,849,0
54,916,1
54,516,1
54,499,1
54,98,0
54,795,1
54,898,0
54,384,1
54,700,1
54,287,1
54,294,1
54,521,1
54,270,1
54,240,0
54,809,0
54,108,0
54,742,1
54,310,1
54,21,1
54,367,1
54,477,1
54,395,1
54,366,1
54,598,0
55,769,1
55,188,1
55,307,1
55,247,0
55,506,1
55,700,1
55,464,0
55,971,1
55,659,1
55,720,1
55,603,1
55,504,1
55,102,1
55,850,1
55,710,1
55,620,1
55,926,0
55,842,1
55,199,0
55,117,0
55,161,1
55,99,1
55,295,1
55,549,1
55,570,0
55,941,1
55,957,0
55,434,1
55,19,1
55,85,1
55,881,1
55,699,1
55,953,0
55,480,0
55,555,1
55,469,0
55,942,0
55,611,0
55,942,1
55,48,0
55,819,1
55,631,0
55,485,0
55,2,1
55,799,1
55,572,1
55,820,0
55,821,1
55,703,0
55,327,1
56,742,1
56,567,1
56,772,1
56,196,0
56,705,0
56,782,1
56,438,1
56,248,0
56,747,1
56,542,1
56,465,1
56,195,1
56,554,0
56,350,1
56,311,1
56,433,0
56,177,1
56,182,1
56,27,1
56,694,0
56,212,1
56,507,1
56,904,1
56,870,1
56,201,1
56,950,1
56,53,0
56,451,1
56,45,0
56,668,1
56,266,0
56,791,1
56,93,1
56,879,1
56,124,1
56,702,1
56,859,1
56,578,0
56,27,0
56,949,0
56,784,1
56,219,0
56,937,0
56,857,1
56,967,1
56,162,1
56,300,1
56,923,1
56,171,1
56,339,0
57,388,1
57,953,0
57,184,1
57,711,0
57,85,1
57,456,1
57,374,0
57,853,1
57,69,1
57,731,1
57,449,1
57,717,0
57,800,0
57,326,1
57,797,1
57,101,0
57,365,0
57,91,1
57,235,1
57,461,1
57,302,0
57,882,0
57,435,1
57,565,0
57,424,0
57,544,1
57,280,1
57,176,1
57,350,1
57,325,0
57,293,0
57,508,1
57,43,0
57,649,0
57,252,0
57,958,1
57,818,1
57,178,0
57,915,1
57,664,0
57,155,0
57,144,1
57,338,0
57,421,0
57,797,1
57,802,1
57,96,1
57,176,0
57,228,1
57,152,1
58,572,0
58,643,0
58,655,0
58,738,1
58,165,1
58,2,0
58,465,1
58,418,1
58,226,1
58,264,0
58,319,1
58,501,0
58,878,1
58,672,1
58,767,0
58,341,0
58,233,1
58,87,1
58,199,1
58,712,1
58,115,1
58,836,1
58,512,0
58,399,1
58,82,1
58,762,1
58,46,1
58,73,1
58,835,0
58,362,0
58,313,0
58,980,0
58,533,1
58,608,1
58,621,1
58,172,1
58,888,0
58,889,1
58,593,0
58,462,1
58,56,0
58,732,1
58,702,1
58,259,1
58,343,1
58,213,0
58,180,1
58,580,1
58,606,1
58,527,1
59,362,1
59,496,1
59,496,1
59,655,1
59,871,0
59,439,0
59,611,0
59,239,1
59,79,1
59,421,0
59,275,0
59,627,1
59,637,1
59,775,1
59,50,1
59,695,0
59,300,1
59,1,1
59,78,0
59,794,0
59,310,1
59,90,1
59,725,1
59,167,0
59,886,1
59,562,0
59,671,1
59,372,1
59,109,0
59,128,1
59,319,1
59,641,1
59,818,1
59,992,0
59,918,1
59,197,0
59,945,1
59,153,1
59,234,1
59,10,1
59,48,0
59,890,0
59,739,1
59,962,1
59,676,1
59,537,1
59,177,1
59,459,0
59,159,1
59,500,1
60,837,1
60,936,0
60,655,1
60,279,1
60,10,0
60,673,1
60,187,0
60,5,0
60,409,0
60,905,1
60,117,1
60,974,1
60,361,1
60,818,1
60,709,1
60,874,1
60,249,0
60,923,0
60,328,1
60,984,0
60,169,1
60,124,0
60,929,1
60,42,1
60,511,0
60,293,1
60,764,1
60,774,1
60,956,0
60,915,1
60,105,1
60,456,1
60,707,1
60,607,1
60,273,1
60,511,0
60,264,0
60,49,0
60,522,0
60,37,1
60,752,1
60,488,0
60,144,1
60,677,1
60,179,1
60,432,0
60,286,1
60,398,1
60,669,1
60,704,0
61,702,0
61,5,0
61,282,1
61,64,0
61,902,0
61,865,1
61,980,0
61,794,0
61,781,1
61,568,1
61,447,1
61,712,1
61,651,0
61,809,1
61,934,0
61,134,1
61,358,1
61,630,0
61,985,0
61,450,1
61,13,0
61,311,1
61,319,0
61,585,0
61,980,1
61,373,1
61,570,1
61,376,0
61,998,0
61,24,0
61,173,1
61,687,1
61,969,1
61,125,1
61,732,1
61,935,1
61,213,1
61,129,0
61,314,0
61,990,1
61,117,1
61,134,1
61,640,0
61,899,1
61,642,1
61,650,1
61,476,1
61,541,0
61,47,1
61,704,1
62,601,0
62,833,0
62,42,1
62,619,0
62,531,1
62,995,1
62,886,1
62,6,1
62,763,1
62,692,0
62,562,0
62,883,1
62,442,0
62,475,1
62,769,1
62,111,1
62,551,0
62,975,1
62,382,0
62,716,1
62,694,1
62,570,1
62,205,1
62,214,1
62,752,0
62,970,1
62,637,1
62,945,1
62,841,0
62,958,1
62,25,0
62,933,1
62,215,1
62,572,0
62,39,0
62,290,1
62,126,1
62,384,0
62,812,1
62,363,1
62,873,1
62,679,0
62,248,0
62,169,1
62,415,0
62,674,0
62,962,1
62,524,1
62,129,0
62,416,0
63,704,0
63,357,1
63,647,1
63,578,1
63,799,1
63,864,1
63,707,0
63,912,1
63,889,1
63,472,1
63,875,1
63,711,1
63,297,1
63,141,1
63,550,0
63,62,1
63,671,1
63,195,1
63,448,0
63,806,1
63,127,1
63,427,1
63,750,1
63,447,0
63,232,1
63,877,1
63,704,0
63,55,1
63,259,1
63,689,1
63,808,1
63,852,0
63,720,1
63,438,0
63,354,1
63,648,0
63,530,0
63,860,1
63,268,1
63,701,1
63,693,1
63,416,1
63,727,1
63,4,0
63,24,0
63,863,0
63,916,0
63,755,1
63,123,1
63,124,1
64,910,1
64,1,1
64,381,1
64,105,1
64,499,0
64,600,1
64,69,1
64,660,0
64,808,1
64,413,0
64,144,0
64,782,0
64,922,0
64,479,1
64,878,0
64,223,0
64,947,1
64,770,0
64,461,1
64,467,0
64,596,0
64,950,1
64,70,0
64,930,1
64,414,1
64,933,1
64,357,1
64,605,1
64,25,0
64,738,0
64,223,1
64,178,1
64,515,0
64,196,0
64,549,1
64,996,0
64,87,1
64,300,1
64,714,1
64,585,0
64,332,1
64,634,1
64,601,1
64,360,0
64,458,1
64,328,1
64,819,0
64,7,0
64,587,0
64,940,1
65,486,1
65,269,0
65,914,1
65,368,1
65,77,1
65,132,1
65,885,1
65,137,1
65,566,1
65,253,1
65,816,0
65,694,1
65,702,1
65,104,1
65,694,1
65,110,0
65,62,1
65,471,1
65,400,0
65,952,1
65,43,1
65,922,1
65,792,1
65,23,0
65,470,0
65,761,0
65,212,1
65,258,0
65,60,0
65,15,1
65,396,1
65,702,0
65,683,1
65,846,1
65,611,1
65,769,1
65,9,1
65,180,1
65,749,0
65,870,0
65,549,1
65,492,0
65,308,1
65,282,1
65,825,1
65,355,1
65,173,1
65,697,1
65,599,0
65,115,0
66,186,0
66,173,1
66,135,0
66,674,0
66,507,0
66,972,0
66,736,0
66,4,1
66,753,1
66,827,1
66,940,1
66,555,1
66,376,1
66,292,0
66,449,0
66,478,1
66,605,0
66,153,1
66,769,0
66,682,0
66,848,1
66,302,1
66,445,1
66,714,1
66,941,1
66,563,0
66,97,1
66,429,1
66,712,1
66,161,1
66,481,1
66,554,1
66,871,1
66,635,1
66,133,1
66,939,1
66,297,0
66,152,0
66,416,1
66,498,1
66,593,0
66,612,0
66,570,0
66,806,0
66,426,1
66,43,0
66,345,0
66,664,1
66,602,0
66,536,1
67,669,1
67,960,1
67,146,1
67,78,1
67,793,0
67,5,1
67,116,1
67,286,1
67,381,1
67,41,1
67,95,1
67,444,1
67,883,0
67,451,0
67,474,1
67,251,0
67,375,1
67,206,0
67,935,1
67,923,0
67,942,1
67,813,1
67,84,0
67,732,1
67,531,0
67,175,1
67,364,0
67,990,1
67,449,0
67,850,1
67,695,0
67,94,0
67,513,1
67,975,1
67,894,1
67,593,0
67,842,1
67,202,1
67,602,1
67,548,0
67,384,1
67,211,0
67,788,1
67,976,0
67,162,1
67,219,1
67,486,0
67,244,0
67,966,1
67,255,1
68,962,1
68,516,1
68,970,0
68,543,1
68,458,0
68,175,0
68,539,1
68,430,1
68,596,1
68,418,1
68,61,0
68,308,0
68,165,0
68,887,1
68,548,1
68,584,1
68,575,1
68,307,1
68,934,1
68,429,1
68,942,1
68,186,0
68,706,1
68,864,1
68,831,1
68,10,1
68,966,0
68,583,1
68,158,1
68,318,0
68,717,0
68,796,1
68,989,1
68,684,1
68,10,1
68,465,1
68,438,1
68,552,0
68,639,1
68,122,1
68,565,1
68,97,1
68,742,1
68,963,0
68,248,1
68,820,0
68,499,0
68,620,1
68,684,1
68,928,0
69,433,1
69,321,1
69,966,0
69,601,1
69,91,0
69,750,1
69,316,1
69,62,1
69,108,1
69,896,0
69,514,0
69,725,0
69,15,1
69,387,0
69,106,0
69,436,0
69,4,1
69,780,1
69,977,0
69,511,1
69,947,1
69,385,0
69,951,0
69,578,1
69,601,1
69,329,0
69,139,0
69,468,0
69,744,1
69,384,1
69,901,1
69,559,1
69,895,1
69,643,1
69,437,1
69,639,0
69,453,0
69,338,1
69,839,1
69,327,0
69,55,0
69,607,0
69,264,1
69,688,1
69,803,0
69,232,1
69,703,1
69,874,0
69,252,1
69,234,1
70,539,0
70,461,1
70,544,1
70,936,0
70,519,0
70,133,1
70,788,1
70,469,1
70,138,1
70,441,1
70,597,1
70,345,1
70,122,0
70,479,1
70,171,0
70,39,0
70,104,1
70,979,1
70,186,1
70,1,1
70,847,1
70,906,0
70,771,1
70,650,1
70,339,0
70,302,1
70,167,1
70,503,1
70,132,0
70,112,0
70,913,1
70,118,0
70,643,1
70,301,1
70,818,1
70,747,0
70,175,0
70,966,0
70,814,1
70,952,0
70,776,0
70,2,1
70,899,1
70,628,1
70,291,1
70,376,0
70,315,1
70,994,1
70,510,0
70,765,1
71,647,1
71,215,1
71,542,1
71,354,0
71,316,0
71,634,0
71,874,0
71,994,1
71,308,1
71,786,1
71,184,1
71,479,1
71,738,1
71,233,1
71,1,0
71,405,1
71,748,0
71,604,1
71,73,1
71,812,0
71,202,1
71,885,1
71,458,1
71,335,0
71,948,0
71,924,0
71,40,1
71,901,1
71,184,1
71,739,1
71,674,1
71,784,1
71,680,1
71,429,1
71,19,1
71,483,1
71,471,1
71,641,1
71,403,1
71,247,0
71,514,1
71,292,0
71,952,1
71,600,1
71,655,0
71,188,1
71,282,0
71,161,1
71,939,1
71,866,1
72,810,0
72,700,1
72,856,1
72,168,0
72,238,1
72,175,1
72,525,1
72,474,0
72,705,1
72,702,1
72,629,0
72,121,0
72,966,0
72,540,0
72,538,0
72,899,1
72,649,1
72,334,1
72,69,1
72,220,0
72,543,1
72,513,1
72,511,0
72,827,1
72,2,1
72,382,1
72,510,1
72,692,0
72,676,1
72,757,1
72,974,1
72,832,0
72,233,1
72,656,1
72,544,1
72,122,1
72,101,0
72,866,0
72,113,0
72,903,0
72,36,0
72,7,1
72,460,0
72,449,1
72,20,1
72,477,1
72,885,0
72,668,1
72,710,1
72,338,1
73,270,1
73,960,1
73,220,0
73,137,1
73,472,1
73,543,0
73,86,1
73,267,0
73,180,1
73,941,1
73,507,0
73,346,1
73,859,0
73,295,0
73,960,0
73,327,1
73,653,1
73,667,0
73,698,1
73,24,0
73,235,1
73,661,0
73,615,1
73,506,0
73,471,1
73,663,0
73,918,0
73,54,1
73,708,1
73,284,1
73,281,0
73,311,0
73,868,1
73,48,0
73,748,1
73,505,0
73,150,0
73,546,1
73,749,0
73,516,0
73,52,0
73,552,1
73,351,1
73,610,0
73,612,0
73,49,0
73,234,1
73,596,1
73,544,0
73,49,0
74,367,1
74,111,0
74,268,1
74,899,0
74,637,0
74,294,1
74,165,1
74,650,0
74,857,0
74,183,1
74,954,1
74,948,1
74,780,1
74,493,0
74,234,1
74,753,0
74,660,0
74,72,0
74,286,0
74,900,1
74,224,1
74,200,0
74,621,1
74,235,1
74,587,1
74,384,1
74,783,0
74,259,1
74,880,1
74,849,1
74,456,0
74,289,0
74,749,1
74,537,0
74,650,1
74,62,1
74,98,1
74,153,0
74,990,1
74,434,0
74,6,1
74,958,1
74,567,0
74,964,1
74,507,0
74,831,1
74,758,1
74,774,1
74,306,1
74,396,0
75,265,0
75,231,0
75,67,1
75,40,1
75,497,1
75,332,1
75,413,1
75,71,1
75,2,0
75,899,1
75,207,1
75,709,0
75,923,0
75,277,1
75,146,0
75,825,0
75,94,1
75,233,1
75,668,1
75,764,1
75,306,1
75,336,1
75,652,0
75,618,0
75,622,1
75,990,1
75,570,1
75,568,1
75,204,1
75,433,0
75,49,1
75,640,1
75,969,0
75,885,1
75,882,0
75,579,1
75,235,1
75,131,1
75,100,1
75,352,1
75,227,1
75,32,1
75,475,0
75,323,1
75,365,1
75,634,1
75,952,0
75,940,1
75,402,0
75,727,1
76,507,1
76,249,1
76,975,1
76,293,1
76,297,1
76,429,0
76,818,0
76,862,1
76,991,0
76,659,1
76,581,0
76,60,1
76,889,1
76,560,0
76,348,1
76,252,0
76,971,0
76,241,0
76,88,1
76,156,1
76,473,0
76,367,0
76,597,0
76,869,0
76,164,0
76,151,0
76,821,1
76,736,1
76,118,1
76,129,0
76,710,1
76,859,0
76,661,0
76,145,1
76,590,1
76,836,0
76,173,1
76,262,0
76,469,1
76,121,0
76,387,1
76,729,0
76,235,0
76,141,0
76,89,1
76,106,1
76,629,1
76,348,1
76,839,0
76,616,1
77,687,1
77,769,1
77,832,0
77,5,0
77,116,1
77,689,0
77,12,1
77,499,0
77,322,0
77,632,0
77,135,0
77,117,1
77,370,0
77,14,0
77,893,1
77,885,1
77,241,0
77,528,1
77,329,1
77,35,0
77,394,0
77,262,1
77,419,0
77,542,1
77,549,1
77,429,0
77,507,0
77,336,1
77,821,1
77,635,0
77,808,1
77,809,1
77,69,1
77,440,1
77,600,1
77,495,1
77,503,1
77,749,0
77,502,0
77,866,1
77,125,1
77,486,1
77,503,0
77,67,1
77,35,0
77,552,0
77,703,0
77,55,1
77,179,1
77,843,1
78,289,0
78,544,0
78,484,0
78,386,1
78,59,1
78,228,1
78,245,1
78,750,0
78,978,1
78,132,1
78,285,0
78,766,1
78,242,1
78,581,1
78,226,1
78,461,1
78,272,0
78,134,1
78,915,1
78,717,0
78,276,1
78,346,0
78,236,1
78,169,1
78,809,0
78,335,0
78,114,1
78,936,1
78,26,1
78,240,1
78,403,1
78,212,1
78,19,1
78,30,1
78,339,1
78,545,1
78,479,0
78,448,1
78,411,0
78,19,1
78,36,1
78,437,0
78,399,1
78,849,0
78,399,1
78,105,1
78,400,1
78,702,1
78,273,1
78,352,0
79,846,1
79,809,1
79,811,0
79,975,0
79,614,1
79,715,1
79,514,1
79,43,0
79,291,0
79,466,1
79,737,1
79,177,0
79,334,1
79,832,0
79,256,1
79,89,0
79,401,1
79,72,0
79,289,1
79,972,1
79,806,1
79,859,0
79,246,0
79,38,1
79,329,1
79,529,1
79,131,0
79,762,0
79,958,1
79,370,1
79,642,1
79,363,1
79,674,1
79,705,0
79,634,0
79,554,0
79,170,0
79,130,1
79,849,1
79,539,0
79,949,1
79,359,1
79,842,0
79,131,1
79,178,1
79,4,0
79,521,1
79,758,0
79,829,0
79,665,1
80,92,1
80,366,1
80,273,0
80,63,1
80,959,1
80,139,1
80,885,0
80,668,1
80,739,1
80,869,1
80,773,0
80,208,1
80,472,0
80,208,0
80,7,1
80,698,0
80,907,1
80,540,0
80,897,1
80,721,0
80,820,1
80,339,1
80,912,0
80,958,1
80,180,1
80,30,1
80,543,0
80,38,1
80,429,1
80,850,0
80,207,0
80,261,1
80,945,1
80,968,1
80,172,1
80,256,1
80,198,1
80,362,0
80,939,1
80,241,0
80,183,1
80,679,0
80,522,0
80,485,0
80,180,0
80,536,1
80,613,1
80,759,0
80,782,0
80,994,1
81,80,1
81,341,1
81,105,1
81,342,0
81,23,0
81,865,1
81,312,0
81,839,0
81,967,0
81,222,1
81,163,0
81,803,0
81,190,0
81,646,1
81,794,0
81,774,0
81,408,0
81,917,1
81,705,1
81,217,0
81,433,0
81,891,0
81,14,0
81,713,0
81,670,1
81,387,0
81,628,1
81,121,0
81,814,1
81,200,0
81,276,1
81,116,1
81,295,1
81,102,1
81,930,1
81,515,1
81,838,0
81,261,0
81,567,0
81,575,1
81,783,0
81,420,1
81,67,0
81,150,0
81,432,0
81,976,0
81,197,0
81,988,1
81,520,1
81,235,1
82,782,1
82,791,1
82,578,0
82,757,1
82,670,1
82,247,1
82,593,1
82,467,1
82,212,0
82,985,1
82,265,1
82,910,1
82,995,0
82,971,1
82,640,0
82,181,1
82,299,1
82,37,1
82,44,1
82,727,1
82,455,1
82,474,1
82,917,1
82,618,1
82,654,1
82,640,0
82,639,1
82,283,1
82,886,0
82,642,1
82,349,0
82,230,0
82,945,1
82,578,1
82,23,0
82,621,1
82,776,1
82,1000,1
82,924,1
82,54,0
82,703,1
82,248,1
82,943,1
82,525,1
82,860,0
82,494,0
82,784,1
82,51,0
82,719,1
82,673,1
83,878,0
83,467,0
83,931,1
83,736,1
83,669,1
83,354,0
83,898,1
83,587,1
83,244,1
83,43,1
83,367,1
83,915,1
83,734,1
83,528,1
83,881,1
83,415,0
83,684,1
83,631,1
83,259,1
83,786,1
83,166,1
83,423,1
83,835,0
83,573,1
83,148,1
83,561,1
83,989,0
83,884,1
83,763,1
83,288,1
83,326,1
83,619,1
83,860,1
83,16,0
83,685,1
83,668,0
83,670,1
83,415,1
83,630,0
83,892,0
83,599,1
83,592,1
83,154,1
83,602,1
83,822,0
83,349,1
83,40,1
83,831,1
83,340,1
83,577,0
84,572,1
84,386,1
84,635,1
84,514,1
84,914,1
84,228,1
84,56,1
84,957,0
84,111,0
84,413,0
84,2,1
84,18,1
84,771,1
84,691,1
84,381,1
84,748,1
84,142,1
84,154,1
84,144,1
84,538,0
84,921,0
84,298,1
84,38,1
84,967,1
84,217,1
84,404,1
84,814,1
84,397,1
84,537,0
84,913,1
84,204,1
84,649,1
84,338,0
84,115,1
84,380,1
84,905,0
84,718,1
84,808,1
84,285,0
84,564,1
84,6,1
84,919,1
84,45,0
84,988,1
84,917,1
84,45,1
84,259,1
84,769,1
84,906,1
84,425,1
85,444,0
85,122,1
85,178,1
85,929,0
85,296,0
85,288,1
85,531,1
85,395,0
85,169,0
85,982,1
85,495,1
85,175,1
85,396,1
85,359,1
85,493,1
85,77,1
85,815,1
85,25,1
85,811,1
85,576,1
85,893,0
85,854,1
85,483,1
85,471,0
85,975,0
85,434,1
85,340,1
85,537,0
85,458,1
85,181,1
85,187,1
85,725,1
85,878,1
85,383,0
85,641,1
85,295,0
85,151,0
85,667,0
85,502,0
85,875,1
85,713,1
85,319,0
85,908,0
85,60,1
85,183,1
85,33,0
85,350,1
85,830,0
85,657,0
85,688,0
86,845,0
86,323,0
86,413,0
86,114,0
86,226,0
86,787,1
86,795,1
86,966,1
86,307,0
86,551,0
86,74,1
86,909,0
86,110,1
86,595,1
86,230,1
86,362,1
86,327,1
86,967,1
86,788,1
86,615,0
86,976,1
86,635,0
86,389,1
86,240,1
86,660,0
86,971,1
86,11,1
86,604,1
86,817,1
86,185,1
86,379,1
86,349,1
86,948,1
86,223,1
86,40,0
86,494,0
86,72,1
86,658,0
86,25,1
86,299,1
86,828,0
86,587,1
86,308,0
86,950,1
86,301,0
86,998,1
86,757,1
86,393,1
86,892,1
86,824,0
87,280,0
87,807,0
87,320,1
87,644,1
87,198,1
87,775,1
87,875,0
87,346,1
87,787,1
87,979,0
87,417,0
87,211,1
87,68,0
87,931,1
87,342,1
87,987,0
87,165,1
87,274,1
87,108,0
87,944,0
87,826,0
87,262,1
87,798,1
87,893,0
87,425,1
87,758,0
87,261,1
87,434,0
87,293,0
87,366,0
87,325,1
87,973,1
87,230,1
87,483,0
87,731,0
87,140,1
87,102,1
87,752,1
87,334,1
87,621,1
87,304,1
87,399,1
87,835,1
87,613,0
87,904,0
87,635,0
87,82,0
87,195,1
87,644,1
87,575,1
88,742,1
88,61,1
88,455,1
88,408,1
88,371,1
88,751,1
88,615,0
88,640,0
88,776,1
88,86,1
88,351,0
88,749,1
88,782,0
88,879,0
88,588,1
88,892,1
88,97,0
88,813,1
88,343,1
88,879,1
88,964,0
88,596,0
88,106,1
88,652,0
88,406,1
88,740,0
88,866,0
88,83,1
88,792,1
88,41,0
88,484,1
88,887,1
88,839,0
88,828,0
88,708,1
88,644,1
88,319,1
88,628,1
88,902,1
88,628,1
88,641,1
88,475,1
88,195,1
88,942,1
88,277,0
88,689,1
88,297,0
88,537,0
88,811,0
88,51,1
89,118,1
89,522,1
89,825,0
89,888,1
89,752,1
89,631,0
89,283,0
89,58,0
89,605,1
89,23,0
89,361,1
89,359,0
89,443,0
89,775,0
89,116,0
89,451,0
89,250,0
89,396,1
89,1000,0
89,485,1
89,210,1
89,217,0
89,817,1
89,352,1
89,191,0
89,791,0
89,62,1
89,945,1
89,138,0
89,169,1
89,634,1
89,508,1
89,83,1
89,367,1
89,792,1
89,124,0
89,547,1
89,387,1
89,461,0
89,496,1
89,209,1
89,238,1
89,724,1
89,880,1
89,526,1
89,402,0
89,195,1
89,573,1
89,405,1
89,630,1
90,951,1
90,297,0
90,671,0
90,635,0
90,665,1
90,271,0
90,978,1
90,311,0
90,926,0
90,652,1
90,252,0
90,247,1
90,642,0
90,624,1
90,375,0
90,942,1
90,911,1
90,526,0
90,4,1
90,498,1
90,353,1
90,711,0
90,105,1
90,526,0
90,899,0
90,543,0
90,331,0
90,442,1
90,65,0
90,366,1
90,270,1
90,832,0
90,568,0
90,595,1
90,851,1
90,120,0
90,783,0
90,748,1
90,318,1
90,77,0
90,202,1
90,94,1
90,15,1
90,206,1
90,481,1
90,458,1
90,610,1
90,351,1
90,340,1
90,414,0
91,817,0
91,130,1
91,149,1
91,430,1
91,201,0
91,264,1
91,979,1
91,576,1
91,811,1
91,444,1
91,354,0
91,578,0
91,208,1
91,466,0
91,928,1
91,877,1
91,971,1
91,281,1
91,492,1
91,309,0
91,119,0
91,811,0
91,481,1
91,217,1
91,867,1
91,774,1
91,690,1
91,213,1
91,59,1
91,633,0
91,247,1
91,280,0
91,303,1
91,662,0
91,954,0
91,917,0
91,726,1
91,48,0
91,328,1
91,444,1
91,170,1
91,121,1
91,117,0
91,130,1
91,560,1
91,963,1
91,172,0
91,424,0
91,898,0
91,970,0
92,752,1
92,427,1
92,795,0
92,443,1
92,353,0
92,552,0
92,787,1
92,48,1
92,801,0
92,426,1
92,300,0
92,399,1
92,788,0
92,734,0
92,97,0
92,39,1
92,379,1
92,561,0
92,984,0
92,367,0
92,303,1
92,739,0
92,973,0
92,733,1
92,235,0
92,503,1
92,658,0
92,533,1
92,489,1
92,536,1
92,626,0
92,327,1
92,287,1
92,967,0
92,661,0
92,191,1
92,958,1
92,366,0
92,171,1
92,976,1
92,947,1
92,835,0
92,370,1
92,432,1
92,808,1
92,1000,1
92,345,0
92,344,1
92,374,0
92,291,1
93,188,1
93,171,1
93,257,1
93,850,1
93,736,0
93,453,1
93,304,1
93,761,1
93,297,0
93,921,1
93,611,1
93,393,1
93,812,0
93,995,1
93,125,0
93,727,1
93,340,1
93,531,1
93,584,1
93,919,1
93,813,1
93,453,0
93,101,1
93,94,0
93,283,1
93,686,1
93,643,0
93,299,1
93,943,1
93,834,1
93,814,0
93,837,1
93,456,1
93,192,1
93,630,1
93,408,1
93,512,0
93,198,0
93,564,1
93,105,1
93,674,1
93,185,1
93,421,1
93,172,1
93,975,0
93,187,0
93,973,1
93,81,0
93,32,0
93,318,0
94,281,1
94,274,1
94,295,0
94,655,0
94,746,1
94,55,0
94,433,1
94,578,1
94,464,1
94,731,0
94,354,1
94,845,1
94,262,1
94,521,0
94,806,1
94,572,0
94,891,1
94,311,1
94,227,1
94,141,1
94,530,1
94,507,0
94,11,0
94,363,1
94,843,0
94,998,1
94,794,1
94,11,1
94,853,1
94,902,1
94,59,1
94,319,1
94,986,1
94,255,0
94,797,1
94,659,0
94,473,1
94,85,1
94,701,1
94,717,0
94,105,1
94,231,1
94,294,0
94,135,1
94,57,1
94,564,0
94,115,1
94,288,0
94,68,0
94,870,0
95,666,1
95,49,1
95,269,0
95,708,1
95,623,0
95,906,1
95,689,0
95,237,1
95,813,1
95,886,0
95,647,1
95,332,1
95,816,1
95,929,0
95,278,1
95,759,1
95,714,1
95,27,1
95,545,1
95,597,1
95,45,1
95,123,1
95,357,1
95,22,1
95,91,0
95,754,1
95,437,0
95,851,1
95,576,0
95,834,1
95,949,1
95,185,0
95,255,0
95,406,1
95,314,0
95,286,1
95,382,1
95,130,1
95,423,1
95,19,1
95,467,1
95,636,1
95,558,0
95,798,0
95,689,1
95,826,0
95,350,1
95,700,1
95,63,0
95,610,1
96,773,1
96,147,1
96,160,0
96,450,0
96,760,0
96,679,1
96,569,1
96,154,0
96,176,1
96,100,1
96,821,1
96,111,1
96,357,1
96,858,0
96,315,1
96,117,0
96,676,1
96,620,0
96,275,1
96,400,1
96,777,0
96,210,0
96,18,1
96,927,0
96,519,0
96,165,1
96,75,0
96,945,0
96,442,1
96,784,0
96,16,0
96,889,0
96,441,1
96,17,0
96,849,1
96,784,0
96,984,1
96,744,1
96,683,0
96,3,1
96,520,0
96,223,1
96,559,1
96,921,1
96,812,1
96,515,1
96,362,0
96,818,0
96,514,1
96,312,0
97,486,1
97,282,0
97,502,0
97,678,1
97,714,1
97,557,0
97,859,1
97,678,1
97,901,0
97,890,0
97,409,0
97,579,0
97,627,1
97,445,1
97,623,1
97,9,1
97,905,1
97,190,0
97,544,0
97,747,1
97,662,0
97,763,1
97,308,0
97,681,1
97,347,0
97,696,0
97,423,1
97,758,1
97,283,1
97,240,1
97,237,0
97,15,1
97,660,0
97,625,1
97,861,0
97,983,1
97,542,1
97,585,0
97,117,0
97,224,1
97,660,0
97,53,0
97,865,1
97,26,1
97,936,0
97,18,0
97,485,1
97,5,1
97,176,0
97,695,0
98,812,1
98,91,1
98,108,0
98,734,0
98,771,0
98,771,0
98,599,0
98,196,0
98,165,1
98,506,1
98,546,0
98,894,0
98,66,1
98,177,0
98,254,1
98,904,1
98,593,1
98,72,1
98,925,1
98,652,1
98,347,1
98,194,1
98,28,0
98,280,1
98,504,1
98,89,1
98,428,1
98,302,1
98,542,1
98,957,0
98,820,0
98,162,1
98,48,0
98,979,1
98,681,1
98,115,1
98,354,1
98,664,0
98,279,1
98,760,1
98,786,1
98,616,0
98,177,1
98,728,1
98,585,1
98,220,1
98,735,0
98,805,1
98,229,0
98,528,1
99,289,1
99,414,0
99,61,0
99,967,0
99,880,0
99,385,1
99,736,1
99,875,1
99,447,1
99,67,1
99,828,0
99,373,1
99,354,1
99,855,0
99,794,1
99,572,1
99,559,0
99,153,1
99,491,0
99,2,0
99,839,1
99,534,0
99,164,1
99,280,1
99,868,1
99,301,1
99,208,0
99,266,1
99,961,1
99,666,1
99,312,1
99,127,1
99,72,1
99,425,1
99,927,0
99,778,1
99,953,1
99,70,1
99,717,0
99,577,1
99,729,0
99,40,1
99,685,0
99,186,1
99,837,1
99,547,0
99,190,1
99,777,1
99,665,1
99,56,1
100,447,1
100,131,1
100,600,0
100,117,1
100,225,1
100,225,1
100,590,0
100,505,0
100,559,1
100,393,0
100,829,1
100,520,1
100,285,1
100,303,0
100,113,1
100,216,0
100,73,1
100,382,1
100,22,0
100,896,1
100,468,1
100,296,0
100,366,1
100,878,0
100,614,0
100,792,1
100,430,1
100,91,0
100,418,0
100,694,0
100,136,1
100,513,1
100,102,0
100,236,1
100,342,1
100,192,0
100,149,1
100,415,0
100,743,1
100,708,1
100,301,0
100,809,1
100,262,1
100,936,1
100,176,1
100,286,0
100,910,1
100,242,1
100,70,1
100,208,1
