CourseDurationID,StartDate,EndDate
29,04-02-2026,05-03-2026
15,30-03-2025,14-04-2025
35,07-10-2025,11-11-2025
29,30-11-2026,29-12-2026
12,11-10-2025,23-10-2025
18,08-03-2026,26-03-2026
25,08-12-2026,02-01-2027
45,04-12-2025,18-01-2026
41,20-05-2026,30-06-2026
16,12-10-2026,28-10-2026
22,03-02-2026,25-02-2026
33,14-11-2025,17-12-2025
50,12-04-2026,01-06-2026
38,24-02-2025,03-04-2025
56,18-06-2025,13-08-2025
48,15-09-2026,02-11-2026
14,04-06-2026,18-06-2026
23,12-12-2026,04-01-2027
55,23-04-2025,17-06-2025
7,21-12-2026,28-12-2026
