OrderDetailsID,WebinarID
996,119
997,163
998,16
999,167
1000,150
1001,149
1002,48
1003,151
1004,146
1005,108
1006,135
1007,140
1008,147
1009,7
1010,88
1011,177
1012,96
1013,1
1014,33
1015,167
1016,8
1017,78
1018,185
1019,10
1020,63
1021,117
1022,45
1023,160
1024,121
1025,62
1026,106
1027,120
1028,182
1029,72
1030,187
1031,87
1032,107
1033,72
1034,7
1035,156
1036,146
1037,33
1038,152
1039,187
1040,113
1041,95
1042,8
1043,20
1044,8
1045,146
1046,145
1047,183
1048,9
1049,119
1050,133
1051,113
1052,90
1053,21
1054,44
1055,36
1056,79
1057,31
1058,45
1059,83
1060,169
1061,142
1062,89
1063,14
1064,31
1065,29
1066,184
1067,63
1068,83
1069,54
1070,169
1071,189
1072,66
1073,23
1074,101
1075,165
1076,10
1077,72
1078,164
1079,65
1080,157
1081,56
1082,165
1083,197
1084,163
1085,75
1086,15
1087,153
1088,126
1089,133
1090,75
1091,66
1092,15
1093,169
1094,175
1095,183
1096,54
1097,151
1098,123
1099,6
1100,53
1101,178
1102,13
1103,85
1104,25
1105,143
1106,97
1107,82
1108,142
1109,92
1110,142
1111,23
1112,154
1113,4
1114,46
1115,184
1116,132
1117,95
1118,145
1119,156
1120,139
1121,27
1122,119
1123,167
1124,178
1125,32
1126,187
1127,51
1128,12
1129,73
1130,186
1131,87
1132,53
1133,28
1134,64
1135,14
1136,81
1137,148
1138,133
1139,16
1140,200
1141,118
1142,123
1143,200
1144,116
1145,7
1146,61
1147,124
1148,54
1149,164
1150,150
1151,29
1152,180
1153,133
1154,177
1155,120
1156,93
1157,74
1158,7
1159,60
1160,31
1161,108
1162,136
1163,167
1164,17
1165,132
1166,133
1167,115
1168,65
1169,29
1170,140
1171,102
1172,132
1173,122
1174,62
1175,127
1176,102
1177,173
1178,147
1179,150
1180,167
1181,83
1182,164
1183,118
1184,36
1185,74
1186,15
1187,69
1188,88
1189,199
1190,17
1191,54
1192,20
1193,63
1194,51
1195,10
1196,62
1197,55
1198,121
1199,22
1200,8
1201,180
1202,85
1203,164
1204,104
1205,56
1206,57
1207,68
1208,155
1209,162
1210,99
1211,160
1212,89
1213,30
1214,95
1215,15
1216,34
1217,110
1218,93
1219,177
1220,105
1221,105
1222,76
1223,54
1224,144
1225,157
1226,151
1227,139
1228,45
1229,51
1230,138
1231,125
1232,33
1233,197
1234,164
1235,37
1236,177
1237,37
1238,16
1239,166
1240,59
1241,66
1242,162
1243,177
1244,53
1245,116
1246,167
1247,146
1248,36
1249,171
1250,97
1251,79
1252,124
1253,65
1254,119
1255,40
1256,176
1257,99
1258,74
1259,108
1260,191
1261,155
1262,184
1263,94
1264,186
1265,169
1266,30
1267,9
1268,156
1269,9
1270,91
1271,44
1272,79
1273,191
1274,15
1275,122
1276,57
1277,34
1278,48
1279,21
1280,200
1281,170
1282,156
1283,69
1284,199
1285,132
1286,18
1287,94
1288,148
1289,183
1290,1
1291,56
1292,81
1293,93
1294,11
1295,169
1296,141
1297,90
1298,63
1299,184
1300,177
1301,91
1302,198
1303,21
1304,36
1305,82
1306,197
1307,120
1308,112
1309,145
1310,34
1311,5
1312,28
1313,106
1314,196
1315,21
1316,91
1317,12
1318,102
1319,1
1320,54
1321,141
1322,42
1323,200
1324,186
1325,85
1326,86
1327,183
1328,163
1329,65
1330,153
1331,188
1332,48
1333,97
1334,92
1335,198
1336,77
1337,32
1338,93
1339,104
1340,61
1341,42
1342,70
1343,130
1344,26
1345,146
1346,50
1347,48
1348,143
1349,102
1350,100
1351,104
1352,177
1353,86
1354,4
1355,54
1356,139
1357,92
1358,92
1359,185
1360,14
1361,127
1362,188
1363,162
1364,41
1365,69
1366,105
1367,161
1368,113
1369,118
1370,20
1371,40
1372,89
1373,137
1374,169
1375,52
1376,101
1377,138
1378,68
1379,109
1380,25
1381,163
1382,155
1383,181
1384,143
1385,162
1386,13
1387,167
1388,104
1389,137
1390,174
1391,53
1392,113
1393,21
1394,153
1395,191
1396,41
1397,61
1398,130
1399,69
1400,73
1401,64
1402,2
1403,47
1404,45
1405,6
1406,47
1407,59
1408,79
1409,164
1410,120
1411,115
1412,152
1413,60
1414,2
1415,174
1416,23
1417,173
1418,144
1419,23
1420,51
1421,12
1422,122
1423,180
1424,194
1425,200
1426,91
1427,25
1428,186
1429,18
1430,162
1431,171
1432,80
1433,109
1434,89
1435,149
1436,165
1437,7
1438,95
1439,43
1440,67
1441,149
1442,100
1443,187
1444,84
1445,178
1446,163
1447,97
1448,159
1449,128
1450,17
1451,100
1452,121
1453,86
1454,46
1455,172
1456,85
1457,137
1458,55
1459,31
1460,147
1461,168
1462,34
1463,175
1464,153
1465,53
1466,103
1467,199
1468,121
1469,187
1470,172
1471,110
1472,102
1473,19
1474,39
1475,124
1476,144
1477,1
1478,145
1479,186
1480,107
1481,120
1482,32
1483,86
1484,133
1485,115
1486,139
1487,87
1488,97
1489,133
1490,186
1491,31
1492,155
1493,13
1494,83
1495,168
1496,82
1497,197
1498,110
1499,71
1500,156
1501,161
1502,181
1503,164
1504,129
1505,16
1506,157
1507,123
1508,165
1509,28
1510,27
1511,127
1512,137
1513,192
1514,163
1515,150
1516,138
1517,52
1518,64
1519,117
1520,3
1521,54
1522,40
1523,34
1524,35
1525,144
1526,21
1527,91
1528,166
1529,70
1530,61
1531,172
1532,108
1533,77
1534,165
1535,9
1536,50
1537,110
1538,98
1539,3
1540,47
1541,6
1542,16
1543,182
1544,28
1545,54
1546,50
1547,75
1548,25
1549,141
1550,11
1551,198
1552,78
1553,72
1554,23
1555,115
1556,4
1557,136
1558,29
1559,96
1560,67
1561,3
1562,152
1563,142
1564,154
1565,47
1566,142
1567,158
1568,48
1569,46
1570,169
1571,19
1572,122
1573,62
1574,27
1575,186
1576,24
1577,52
1578,24
1579,105
1580,125
1581,26
1582,113
1583,51
1584,130
1585,174
1586,31
1587,197
1588,32
1589,10
1590,161
1591,72
1592,174
1593,195
1594,129
1595,99
1596,46
1597,146
1598,10
1599,47
1600,172
1601,91
1602,81
1603,6
1604,119
1605,32
1606,5
1607,138
1608,56
1609,172
1610,173
1611,93
1612,162
1613,183
1614,147
1615,9
1616,113
1617,43
1618,144
1619,142
1620,69
1621,20
1622,36
1623,102
1624,80
1625,41
1626,96
1627,178
1628,104
1629,128
1630,100
1631,3
1632,84
1633,20
1634,169
1635,107
1636,76
1637,53
1638,62
1639,79
1640,127
1641,178
1642,102
1643,44
1644,100
1645,11
1646,49
1647,177
1648,33
1649,92
1650,28
1651,52
1652,12
1653,192
1654,180
1655,57
1656,32
1657,36
1658,5
1659,146
1660,45
1661,74
1662,38
1663,98
1664,67
1665,72
1666,119
1667,21
1668,96
1669,23
1670,37
1671,18
1672,170
1673,47
1674,29
1675,50
1676,59
1677,124
1678,148
1679,99
1680,30
1681,125
1682,60
1683,104
1684,149
1685,108
1686,102
1687,159
1688,144
1689,187
1690,55
1691,108
1692,113
1693,138
1694,53
1695,158
1696,176
1697,98
1698,30
1699,111
1700,11
1701,78
1702,170
1703,164
1704,139
1705,38
1706,90
1707,68
1708,172
1709,184
1710,127
1711,184
1712,51
1713,26
1714,48
1715,23
1716,13
1717,104
1718,181
1719,101
1720,143
1721,139
1722,29
1723,4
1724,108
1725,96
1726,158
1727,49
1728,133
1729,46
1730,117
1731,134
1732,178
1733,27
1734,23
1735,95
1736,110
1737,54
1738,190
1739,178
1740,2
1741,11
1742,104
1743,179
1744,4
1745,158
1746,154
1747,13
1748,3
1749,179
1750,126
1751,79
1752,25
1753,184
1754,195
1755,183
1756,167
1757,160
1758,96
1759,128
1760,180
1761,188
1762,90
1763,193
1764,83
1765,38
1766,91
1767,127
1768,137
1769,59
1770,67
1771,78
1772,196
1773,126
1774,12
1775,79
1776,158
1777,131
1778,164
1779,51
1780,39
1781,107
1782,12
1783,148
1784,59
1785,83
1786,61
1787,101
1788,61
1789,191
1790,47
1791,65
1792,69
1793,198
1794,44
1795,13
1796,25
1797,139
1798,108
1799,153
1800,116
1801,92
1802,196
1803,153
1804,147
1805,102
1806,165
1807,23
1808,148
1809,122
1810,11
1811,15
1812,128
1813,95
1814,60
1815,178
1816,137
1817,51
1818,95
1819,41
1820,54
1821,135
1822,79
1823,98
1824,199
1825,20
1826,30
1827,91
1828,155
1829,48
1830,164
1831,70
1832,79
1833,120
1834,3
1835,26
1836,49
1837,162
1838,88
1839,31
1840,78
1841,115
1842,84
1843,162
1844,57
1845,88
1846,135
1847,123
1848,89
1849,37
1850,180
1851,186
1852,20
1853,119
1854,74
1855,84
1856,55
1857,160
1858,186
1859,117
1860,165
1861,198
1862,72
1863,146
1864,195
1865,119
1866,81
1867,181
1868,55
1869,189
1870,115
1871,51
1872,9
1873,7
1874,118
1875,111
1876,175
1877,110
1878,86
1879,169
1880,171
1881,16
1882,152
1883,1
1884,27
1885,47
1886,166
1887,190
1888,48
1889,160
1890,183
1891,107
1892,54
1893,4
1894,138
1895,163
1896,85
1897,5
1898,144
1899,68
1900,24
1901,63
1902,20
1903,33
1904,29
1905,73
1906,26
1907,187
1908,166
1909,90
1910,11
1911,147
1912,59
1913,118
1914,40
1915,175
1916,173
1917,111
1918,143
1919,47
1920,129
1921,179
1922,44
1923,64
1924,178
1925,159
1926,136
1927,35
1928,64
1929,66
1930,15
1931,91
1932,24
1933,182
1934,25
1935,123
1936,40
1937,171
1938,140
1939,59
1940,153
1941,99
1942,67
1943,115
1944,150
1945,17
1946,179
1947,39
1948,153
1949,60
1950,133
1951,178
1952,196
1953,95
1954,136
1955,114
1956,67
1957,171
1958,158
1959,120
1960,123
1961,50
1962,121
1963,149
1964,55
1965,144
1966,112
1967,80
1968,119
1969,23
1970,42
1971,46
1972,126
1973,145
1974,45
1975,113
1976,41
1977,152
1978,158
1979,154
1980,138
1981,200
1982,79
1983,86
1984,138
1985,10
1986,186
1987,192
1988,32
1989,178
1990,48
1991,25
1992,164
1993,95
1994,45
1995,112
1996,90
1997,79
1998,182
1999,113
2000,67
2001,151
2002,5
2003,98
2004,153
2005,117
2006,7
2007,99
2008,15
2009,82
2010,134
2011,113
2012,8
2013,175
2014,110
2015,92
2016,116
2017,88
2018,106
2019,7
2020,92
2021,145
2022,107
2023,71
2024,196
2025,43
2026,27
2027,190
2028,150
2029,112
2030,59
2031,100
2032,118
2033,87
2034,197
2035,21
2036,95
2037,71
2038,113
2039,65
2040,45
2041,93
2042,180
2043,15
2044,104
2045,109
2046,145
2047,172
2048,19
2049,181
2050,190
2051,16
2052,102
2053,189
2054,140
2055,15
2056,136
2057,129
2058,103
2059,93
2060,116
2061,39
2062,81
2063,85
2064,200
2065,107
2066,154
2067,39
2068,84
2069,150
2070,16
2071,107
2072,183
2073,117
2074,57
2075,89
2076,4
2077,24
2078,109
2079,125
2080,72
2081,15
2082,155
2083,45
2084,27
2085,20
2086,41
2087,179
2088,78
2089,58
2090,52
2091,127
2092,154
2093,147
2094,187
2095,71
2096,54
2097,27
2098,171
2099,199
2100,184
2101,125
2102,92
2103,182
2104,96
2105,91
2106,6
2107,141
2108,184
2109,186
2110,121
2111,21
2112,123
2113,79
2114,27
2115,190
2116,75
2117,17
2118,180
2119,68
2120,73
2121,66
2122,99
2123,101
2124,155
2125,79
2126,112
2127,194
2128,19
2129,51
2130,67
2131,84
2132,175
2133,175
2134,182
2135,183
2136,108
2137,110
2138,41
2139,146
2140,96
2141,118
2142,15
2143,99
2144,92
2145,107
2146,14
2147,85
2148,104
2149,72
2150,82
2151,100
2152,91
2153,145
2154,105
2155,93
2156,84
2157,36
2158,102
2159,15
2160,80
2161,62
2162,7
2163,155
2164,1
2165,12
2166,83
2167,2
2168,101
2169,181
2170,102
2171,75
2172,173
2173,52
2174,200
2175,172
2176,159
2177,32
2178,165
2179,183
2180,7
2181,65
2182,87
2183,46
2184,146
2185,119
2186,93
2187,175
2188,85
2189,148
2190,173
2191,111
2192,176
2193,143
2194,91
2195,124
2196,171
2197,42
2198,43
2199,15
2200,165
2201,187
2202,48
2203,139
2204,139
2205,29
2206,96
2207,35
2208,151
2209,179
2210,92
2211,5
2212,31
2213,63
2214,94
2215,154
2216,199
2217,2
2218,83
2219,7
2220,100
2221,66
2222,192
2223,4
2224,7
2225,22
2226,143
2227,71
2228,100
2229,92
2230,120
2231,126
2232,103
2233,163
2234,17
2235,11
2236,181
2237,116
2238,37
2239,16
2240,131
2241,97
2242,84
2243,131
2244,101
2245,143
2246,33
2247,172
2248,185
2249,63
2250,92
2251,54
2252,13
2253,142
2254,178
2255,194
2256,19
2257,104
2258,87
2259,95
2260,152
2261,123
2262,97
2263,190
2264,127
2265,19
2266,167
2267,26
2268,98
2269,27
2270,27
2271,29
2272,98
2273,22
2274,7
2275,64
2276,129
2277,63
2278,177
2279,6
2280,122
2281,152
2282,168
2283,4
2284,64
2285,119
2286,194
2287,121
2288,63
2289,194
2290,121
2291,7
2292,37
2293,73
2294,15
2295,144
2296,154
2297,34
2298,19
2299,27
2300,18
2301,133
2302,26
2303,141
2304,119
2305,101
2306,45
2307,57
2308,103
2309,93
2310,29
2311,18
2312,124
2313,96
2314,177
2315,174
2316,189
2317,104
2318,168
2319,180
2320,125
2321,179
2322,55
2323,149
2324,74
2325,120
2326,107
2327,18
2328,155
2329,128
2330,168
2331,28
2332,75
2333,162
2334,49
2335,54
2336,122
2337,113
2338,63
2339,113
2340,62
2341,88
2342,181
2343,55
2344,41
2345,200
2346,135
2347,20
2348,161
2349,73
2350,83
2351,84
2352,7
2353,192
2354,185
2355,55
2356,124
2357,55
2358,54
2359,80
2360,24
2361,105
2362,195
2363,109
2364,44
2365,103
2366,112
2367,151
2368,41
2369,141
2370,118
2371,12
2372,168
2373,16
2374,40
2375,127
2376,50
2377,186
2378,126
2379,74
2380,4
2381,87
2382,139
2383,138
2384,167
2385,120
2386,5
2387,109
2388,74
2389,13
2390,100
2391,39
2392,99
2393,117
2394,143
2395,73
2396,72
2397,126
2398,154
2399,7
2400,175
2401,184
2402,187
2403,54
2404,163
2405,124
2406,183
2407,17
2408,131
2409,144
2410,108
2411,126
2412,35
2413,16
2414,154
2415,162
2416,88
2417,197
2418,127
2419,42
2420,84
2421,185
2422,84
2423,132
2424,4
2425,15
2426,168
2427,166
2428,88
2429,50
2430,44
2431,96
2432,31
2433,142
2434,19
2435,156
2436,110
2437,123
2438,73
2439,131
2440,43
2441,8
2442,75
2443,74
2444,28
2445,60
2446,41
2447,14
2448,190
2449,5
2450,162
2451,173
2452,9
2453,53
2454,163
2455,55
2456,6
2457,87
2458,183
2459,179
2460,183
2461,145
2462,2
2463,107
2464,39
2465,34
2466,17
2467,122
2468,6
2469,151
2470,46
2471,128
2472,66
2473,65
2474,139
2475,150
2476,154
2477,183
2478,73
2479,123
2480,23
2481,5
2482,164
2483,67
2484,98
2485,73
2486,193
2487,53
2488,87
2489,94
2490,6
2491,6
2492,35
2493,141
2494,36
2495,133
2496,97
2497,192
2498,39
2499,106
2500,96
2501,10
2502,3
2503,117
2504,115
2505,105
2506,55
2507,16
2508,1
2509,2
2510,16
2511,112
2512,63
2513,41
2514,137
2515,34
2516,49
2517,28
2518,156
2519,182
2520,125
2521,10
2522,47
2523,20
2524,163
2525,97
2526,105
2527,103
2528,198
2529,83
2530,72
2531,13
2532,93
2533,101
2534,5
2535,63
2536,12
2537,14
2538,71
2539,60
2540,47
2541,117
2542,15
2543,26
2544,106
2545,66
2546,29
2547,172
2548,172
2549,92
2550,66
2551,116
2552,17
2553,105
2554,192
2555,145
2556,184
2557,151
2558,199
2559,199
2560,192
2561,122
2562,183
2563,135
2564,200
2565,93
2566,78
2567,187
2568,80
2569,131
2570,39
2571,166
2572,148
2573,42
2574,128
2575,182
2576,99
2577,67
2578,151
2579,101
2580,91
2581,147
2582,40
2583,77
2584,105
2585,143
2586,104
2587,18
2588,50
2589,13
2590,190
2591,145
2592,29
2593,129
2594,196
2595,30
2596,145
2597,196
2598,130
2599,135
2600,190
2601,180
2602,155
2603,157
2604,170
2605,13
2606,64
2607,115
2608,182
2609,65
2610,32
2611,54
2612,28
2613,113
2614,23
2615,92
2616,171
2617,40
2618,182
2619,75
2620,4
2621,46
2622,76
2623,33
2624,76
2625,58
2626,24
2627,51
2628,60
2629,159
2630,185
2631,52
2632,52
2633,14
2634,137
2635,133
2636,174
2637,155
2638,162
2639,133
2640,148
2641,66
2642,173
2643,72
2644,131
2645,17
2646,1
2647,50
2648,156
2649,83
2650,58
2651,25
2652,47
2653,89
2654,153
2655,189
2656,62
2657,113
2658,65
2659,23
2660,104
2661,130
2662,71
2663,140
2664,64
2665,160
2666,164
2667,49
2668,164
2669,86
2670,46
2671,35
2672,101
2673,24
2674,164
2675,200
2676,108
2677,117
2678,41
2679,95
2680,50
2681,17
2682,181
2683,143
2684,43
2685,90
2686,92
2687,102
2688,43
2689,200
2690,128
2691,46
2692,191
2693,165
2694,52
2695,183
2696,51
2697,185
2698,146
2699,5
2700,196
2701,57
2702,22
2703,199
2704,96
2705,151
2706,42
2707,94
2708,68
2709,87
2710,182
2711,67
2712,59
2713,172
2714,75
2715,112
2716,57
2717,68
2718,71
2719,157
2720,134
2721,157
2722,138
2723,53
2724,21
2725,78
2726,85
2727,127
2728,149
2729,135
2730,165
2731,24
2732,125
2733,125
2734,12
2735,194
2736,49
2737,172
2738,104
2739,134
2740,11
2741,128
2742,10
2743,63
2744,81
2745,111
2746,55
2747,50
2748,104
2749,97
2750,41
2751,182
2752,36
2753,50
2754,176
2755,172
2756,160
2757,139
2758,108
2759,16
2760,197
2761,198
2762,94
2763,102
2764,150
2765,178
2766,55
2767,56
2768,132
2769,183
2770,81
2771,109
2772,148
2773,77
2774,69
2775,195
2776,155
2777,153
2778,142
2779,195
2780,124
2781,110
2782,85
2783,156
2784,21
2785,11
2786,120
2787,100
2788,64
2789,46
2790,20
2791,181
2792,165
2793,36
2794,158
2795,27
2796,192
2797,77
2798,103
2799,68
2800,173
2801,68
2802,18
2803,17
2804,77
2805,63
2806,111
2807,9
2808,106
2809,27
2810,3
2811,48
2812,73
2813,47
2814,60
2815,142
2816,140
2817,41
2818,155
2819,125
2820,11
2821,16
2822,88
2823,75
2824,23
2825,62
2826,8
2827,59
2828,120
2829,8
2830,121
2831,76
2832,46
2833,147
2834,169
2835,125
2836,191
2837,122
2838,169
2839,181
2840,75
2841,8
2842,168
2843,1
2844,162
2845,198
2846,177
2847,24
2848,65
2849,177
2850,62
2851,193
2852,111
2853,174
2854,65
2855,161
2856,83
2857,47
2858,198
2859,59
2860,164
2861,150
2862,85
2863,124
2864,118
2865,32
2866,117
2867,74
2868,31
2869,24
2870,135
2871,181
2872,76
2873,98
2874,33
2875,54
2876,111
2877,103
2878,200
2879,189
2880,9
2881,87
2882,29
2883,153
2884,155
2885,80
2886,148
2887,85
2888,86
2889,37
2890,172
2891,53
2892,134
2893,168
2894,139
2895,174
2896,142
2897,3
2898,121
2899,194
2900,147
2901,28
2902,4
2903,129
2904,33
2905,7
2906,83
2907,74
2908,71
2909,175
2910,38
2911,97
2912,196
2913,155
2914,122
2915,148
2916,114
2917,63
2918,5
2919,44
2920,129
2921,101
2922,77
2923,17
2924,74
2925,121
2926,148
2927,101
2928,181
2929,54
2930,109
2931,53
2932,156
2933,54
2934,151
2935,105
2936,66
2937,167
2938,143
2939,60
2940,190
2941,169
2942,73
2943,41
2944,178
2945,168
2946,162
2947,91
2948,142
2949,148
2950,94
2951,191
2952,184
2953,10
2954,41
2955,141
2956,77
2957,167
2958,107
2959,98
2960,145
2961,79
2962,152
2963,195
2964,181
2965,50
2966,39
2967,2
2968,108
2969,179
2970,73
2971,13
2972,73
2973,50
2974,140
2975,53
2976,17
2977,85
2978,156
2979,57
2980,53
2981,88
2982,11
2983,96
2984,175
2985,170
2986,102
2987,62
2988,117
2989,59
2990,186
2991,30
2992,112
2993,72
2994,52
2995,23
2996,74
2997,38
2998,187
2999,115
3000,168
3001,167
3002,91
3003,40
3004,133
3005,107
3006,81
3007,85
3008,33
3009,34
3010,60
3011,147
3012,36
3013,173
3014,170
3015,113
3016,102
3017,181
3018,59
3019,183
3020,168
3021,139
3022,139
3023,64
3024,167
3025,60
3026,42
3027,198
3028,86
3029,190
3030,13
3031,128
3032,14
3033,195
3034,6
3035,150
3036,24
3037,94
3038,109
3039,186
3040,119
3041,5
3042,104
3043,46
3044,63
3045,173
3046,65
3047,69
3048,26
3049,16
3050,129
3051,6
3052,74
3053,76
3054,44
3055,191
3056,20
3057,88
3058,26
3059,129
3060,164
3061,189
3062,103
3063,1
3064,189
3065,98
3066,101
3067,131
3068,52
3069,25
3070,186
3071,8
3072,150
3073,117
3074,78
3075,147
3076,155
3077,185
3078,183
3079,117
3080,132
3081,46
3082,159
3083,139
3084,10
3085,7
3086,18
3087,42
3088,65
3089,153
3090,34
3091,153
3092,99
3093,143
3094,109
3095,31
3096,26
3097,191
3098,167
3099,12
3100,56
3101,153
3102,147
3103,144
3104,60
3105,199
3106,65
3107,134
3108,77
3109,199
3110,7
3111,133
3112,50
3113,96
3114,141
3115,115
3116,119
3117,43
3118,161
3119,70
3120,104
3121,188
3122,69
3123,165
3124,145
3125,160
3126,85
3127,117
3128,28
3129,145
3130,132
3131,34
3132,67
3133,30
3134,75
3135,59
3136,26
3137,117
3138,188
3139,186
3140,58
3141,142
3142,176
3143,7
3144,139
3145,19
3146,103
3147,72
3148,169
3149,189
3150,155
3151,64
3152,116
3153,168
3154,200
3155,196
3156,9
3157,162
3158,1
3159,144
3160,104
3161,103
3162,119
3163,105
3164,186
3165,123
3166,129
3167,32
3168,132
3169,121
3170,182
3171,143
3172,22
3173,97
3174,142
3175,87
3176,89
3177,147
3178,69
3179,191
3180,51
3181,178
3182,33
3183,51
3184,56
3185,41
3186,151
3187,181
3188,139
3189,93
3190,131
3191,88
3192,51
3193,77
3194,38
3195,65
3196,30
3197,186
3198,24
3199,14
3200,116
3201,106
3202,26
3203,28
3204,81
3205,129
3206,69
3207,189
3208,85
3209,114
3210,89
3211,56
3212,44
3213,79
3214,176
3215,27
3216,159
3217,192
3218,147
3219,183
3220,197
3221,181
3222,26
3223,48
3224,191
3225,111
3226,52
3227,43
3228,87
3229,143
3230,35
3231,69
3232,49
3233,69
3234,90
3235,27
3236,186
3237,26
3238,10
3239,197
3240,145
3241,188
3242,145
3243,46
3244,53
3245,67
3246,196
3247,27
3248,166
3249,14
3250,125
3251,114
3252,26
3253,58
3254,4
3255,30
3256,35
3257,60
3258,56
3259,105
3260,112
3261,77
3262,183
3263,179
3264,185
3265,128
3266,156
3267,23
3268,126
3269,159
3270,2
3271,6
3272,166
3273,125
3274,151
3275,49
3276,118
3277,38
3278,27
3279,130
3280,82
3281,53
3282,71
3283,38
3284,134
3285,189
3286,3
3287,63
3288,55
3289,150
3290,19
3291,63
3292,84
3293,96
3294,146
3295,159
3296,23
3297,139
3298,31
3299,59
3300,152
3301,31
3302,176
3303,131
3304,107
3305,52
3306,66
3307,60
3308,6
3309,21
3310,118
3311,25
3312,185
3313,193
3314,185
3315,91
3316,115
3317,37
3318,18
3319,58
3320,43
3321,93
3322,155
3323,198
3324,199
3325,102
3326,61
3327,74
3328,28
3329,33
3330,95
3331,94
3332,136
3333,101
3334,85
3335,41
3336,196
3337,121
3338,86
3339,122
3340,183
3341,98
3342,147
3343,41
3344,149
3345,170
3346,94
3347,77
3348,153
3349,80
3350,125
3351,34
3352,137
3353,20
3354,25
3355,120
3356,97
3357,50
3358,43
3359,39
3360,191
3361,66
3362,54
3363,72
3364,168
3365,136
3366,198
3367,12
3368,153
3369,85
3370,186
3371,155
3372,199
3373,196
3374,59
3375,181
3376,122
3377,6
3378,138
3379,10
3380,51
3381,136
3382,46
3383,10
3384,182
3385,157
3386,177
3387,125
3388,164
3389,155
3390,147
3391,125
3392,59
3393,120
3394,194
3395,200
3396,100
3397,124
3398,98
3399,129
3400,190
3401,97
3402,9
3403,86
3404,133
3405,22
3406,17
3407,175
3408,9
3409,179
3410,67
3411,43
3412,35
3413,76
3414,46
3415,129
3416,15
3417,14
3418,4
3419,135
3420,3
3421,189
3422,78
3423,168
3424,54
3425,36
3426,126
3427,48
3428,137
3429,64
3430,52
3431,116
3432,127
3433,66
3434,95
3435,46
3436,199
3437,55
3438,110
3439,66
3440,130
3441,23
3442,129
3443,22
3444,183
3445,5
3446,99
3447,143
3448,30
3449,167
3450,140
3451,64
3452,26
3453,33
3454,196
3455,155
3456,190
3457,86
3458,134
3459,15
3460,25
3461,178
3462,107
3463,106
3464,6
3465,169
3466,84
3467,154
3468,140
3469,153
3470,73
3471,54
3472,10
3473,88
3474,101
3475,98
3476,69
3477,49
3478,34
3479,79
3480,18
3481,196
3482,94
3483,68
3484,183
3485,103
3486,6
3487,26
3488,132
3489,105
3490,88
3491,109
3492,44
3493,14
3494,169
3495,43
3496,75
3497,51
3498,36
3499,159
3500,40
3501,59
3502,67
3503,101
3504,34
3505,110
3506,170
3507,148
3508,16
3509,147
3510,162
3511,53
3512,79
3513,38
3514,140
3515,108
3516,139
3517,176
3518,163
3519,156
3520,190
3521,131
3522,13
3523,17
3524,80
3525,189
3526,136
3527,3
3528,153
3529,195
3530,170
3531,98
3532,107
3533,38
3534,115
3535,144
3536,120
3537,118
3538,118
3539,99
3540,129
3541,15
3542,177
3543,22
3544,166
3545,112
3546,122
3547,140
3548,77
3549,44
3550,56
3551,109
3552,23
3553,144
3554,69
3555,152
3556,164
3557,154
3558,16
3559,33
3560,143
3561,99
3562,44
3563,7
3564,51
3565,29
3566,166
3567,144
3568,153
3569,128
3570,16
3571,133
3572,172
3573,49
3574,182
3575,17
3576,148
3577,41
3578,45
3579,28
3580,91
3581,49
3582,191
3583,78
3584,158
3585,33
3586,101
3587,57
3588,91
3589,21
3590,106
3591,17
3592,80
3593,111
3594,164
3595,154
3596,52
3597,56
3598,29
3599,184
3600,111
3601,27
3602,96
3603,52
3604,93
3605,64
3606,92
3607,90
3608,78
3609,13
3610,81
3611,54
3612,117
3613,143
3614,111
3615,33
3616,150
3617,86
3618,77
3619,41
3620,178
3621,133
3622,195
3623,128
3624,90
3625,108
3626,151
3627,177
3628,20
3629,164
3630,25
3631,164
3632,82
3633,29
3634,65
3635,99
3636,128
3637,186
3638,163
3639,24
3640,105
3641,180
3642,20
3643,76
3644,87
3645,151
3646,75
3647,58
3648,153
3649,191
3650,146
3651,84
3652,113
3653,127
3654,153
3655,165
3656,15
3657,70
3658,150
3659,9
3660,4
3661,168
3662,30
3663,82
3664,84
3665,131
3666,191
3667,108
3668,149
3669,6
3670,70
3671,159
3672,149
3673,160
3674,164
3675,43
3676,150
3677,23
3678,18
3679,105
3680,195
3681,93
3682,123
3683,28
3684,67
3685,65
3686,63
3687,120
3688,92
3689,39
3690,98
3691,145
3692,118
3693,96
3694,61
3695,11
3696,150
3697,191
3698,70
3699,185
3700,50
3701,197
3702,147
3703,11
3704,162
3705,119
3706,93
3707,150
3708,61
3709,200
3710,21
3711,75
3712,31
3713,53
3714,90
3715,186
3716,114
3717,123
3718,47
3719,18
3720,140
3721,70
3722,39
3723,46
3724,180
3725,149
3726,85
3727,199
3728,137
3729,67
3730,105
3731,116
3732,125
3733,15
3734,191
3735,114
3736,42
3737,140
3738,35
3739,187
3740,123
3741,157
3742,119
3743,167
3744,180
3745,35
3746,85
3747,126
3748,61
3749,189
3750,99
3751,112
3752,185
3753,85
3754,87
3755,36
3756,84
3757,64
3758,103
3759,106
3760,129
3761,81
3762,99
3763,61
3764,173
3765,48
3766,21
3767,79
3768,51
3769,53
3770,31
3771,122
3772,5
3773,46
3774,61
3775,63
3776,196
3777,76
3778,52
3779,157
3780,61
3781,192
3782,179
3783,145
3784,113
3785,54
3786,96
3787,59
3788,140
3789,80
3790,54
3791,67
3792,6
3793,128
3794,168
3795,30
3796,59
3797,148
3798,124
3799,47
3800,123
3801,176
3802,143
3803,174
3804,157
3805,42
3806,9
3807,158
3808,169
3809,2
3810,66
3811,18
3812,52
3813,4
3814,4
3815,175
3816,86
3817,179
3818,68
3819,92
3820,28
3821,42
3822,66
3823,136
3824,109
3825,69
3826,197
3827,141
3828,20
3829,54
3830,139
3831,106
3832,60
3833,170
3834,35
3835,138
3836,143
3837,57
3838,161
3839,109
3840,165
3841,92
3842,54
3843,132
3844,111
3845,150
3846,94
3847,179
3848,98
3849,117
3850,148
3851,199
3852,156
3853,13
3854,108
3855,1
3856,152
3857,55
3858,145
3859,188
3860,80
3861,116
3862,62
3863,60
3864,144
3865,154
3866,109
3867,147
3868,20
3869,17
3870,197
3871,121
3872,176
3873,121
3874,68
3875,16
3876,164
3877,182
3878,66
3879,37
3880,27
3881,78
3882,83
3883,133
3884,6
3885,145
3886,161
3887,186
3888,87
3889,104
3890,70
3891,11
3892,23
3893,93
3894,88
3895,167
3896,152
3897,140
3898,93
3899,173
3900,124
3901,10
3902,39
3903,68
3904,6
3905,40
3906,122
3907,41
3908,165
3909,58
3910,47
3911,20
3912,121
3913,110
3914,119
3915,167
3916,34
3917,133
3918,69
3919,115
3920,72
3921,75
3922,90
3923,188
3924,143
3925,100
3926,55
3927,93
3928,173
3929,35
3930,200
3931,62
3932,74
3933,159
3934,104
3935,69
3936,143
3937,44
3938,86
3939,150
3940,88
3941,27
3942,124
3943,180
3944,38
3945,77
3946,198
3947,58
3948,124
3949,126
3950,123
3951,133
3952,61
3953,96
3954,47
3955,149
3956,171
3957,67
3958,98
3959,52
3960,47
3961,153
3962,20
3963,144
3964,20
3965,181
3966,70
3967,39
3968,159
3969,144
3970,82
3971,185
3972,185
3973,138
3974,27
3975,53
3976,194
3977,147
3978,162
3979,90
3980,188
3981,45
3982,197
3983,113
3984,180
3985,78
3986,33
3987,21
3988,181
3989,171
3990,180
3991,93
3992,42
3993,194
3994,97
3995,16
3996,178
3997,19
3998,179
3999,191
4000,153
4001,160
4002,33
4003,104
4004,43
4005,13
4006,72
4007,191
4008,60
4009,108
4010,94
4011,161
4012,180
4013,75
4014,162
4015,60
4016,101
4017,154
4018,131
4019,20
4020,186
4021,133
4022,24
4023,105
4024,85
4025,70
4026,161
4027,118
4028,173
4029,146
4030,50
4031,84
4032,162
4033,91
4034,9
4035,146
4036,38
4037,28
4038,19
4039,50
4040,171
4041,91
4042,103
4043,62
4044,119
4045,153
4046,195
4047,141
4048,114
4049,38
4050,179
4051,29
4052,103
4053,191
4054,5
4055,110
4056,117
4057,66
4058,79
4059,156
4060,187
4061,64
4062,174
4063,97
4064,26
4065,12
4066,121
4067,46
4068,187
4069,193
4070,34
4071,19
4072,185
4073,175
4074,79
4075,17
4076,197
4077,58
4078,96
4079,178
4080,44
4081,183
4082,45
4083,183
4084,154
4085,191
4086,130
4087,17
4088,92
4089,133
4090,181
4091,198
4092,31
4093,188
4094,117
4095,20
4096,5
4097,34
4098,27
4099,20
4100,47
4101,105
4102,163
4103,121
4104,141
4105,118
4106,96
4107,131
4108,56
4109,58
4110,178
4111,197
4112,54
4113,179
4114,114
4115,41
4116,136
4117,46
4118,54
4119,188
4120,50
4121,116
4122,126
4123,156
4124,135
4125,99
4126,10
4127,185
4128,90
4129,64
4130,7
4131,9
4132,15
4133,139
4134,27
4135,132
4136,70
4137,27
4138,27
4139,199
4140,92
4141,52
4142,7
4143,166
4144,10
4145,182
4146,138
4147,90
4148,194
4149,51
4150,195
4151,139
4152,29
4153,173
4154,59
4155,135
4156,68
4157,67
4158,195
4159,59
4160,178
4161,58
4162,167
4163,4
4164,181
4165,163
4166,42
4167,55
4168,6
4169,155
4170,188
4171,89
4172,72
4173,15
4174,83
4175,12
4176,127
4177,170
4178,164
4179,145
4180,70
4181,74
4182,200
4183,166
4184,5
4185,96
4186,42
4187,119
4188,151
4189,35
4190,89
4191,78
4192,176
4193,125
4194,58
4195,75
4196,53
4197,52
4198,95
4199,172
4200,111
4201,26
4202,44
4203,180
4204,150
4205,190
4206,14
4207,32
4208,45
4209,129
4210,34
4211,6
4212,123
4213,77
4214,88
4215,48
4216,40
4217,11
4218,143
4219,182
4220,4
4221,40
4222,36
4223,31
4224,100
4225,27
4226,78
4227,173
4228,106
4229,178
4230,199
4231,42
4232,143
4233,50
4234,125
4235,85
4236,114
4237,55
4238,145
4239,114
4240,153
4241,10
4242,183
4243,70
4244,34
4245,49
4246,15
4247,5
4248,123
4249,113
4250,29
4251,130
4252,19
4253,21
4254,122
4255,72
4256,71
4257,143
4258,96
4259,134
4260,105
4261,132
4262,60
4263,35
4264,189
4265,26
4266,127
4267,124
4268,193
4269,32
4270,109
4271,180
4272,148
4273,100
4274,149
4275,162
4276,124
4277,184
4278,53
4279,69
4280,168
4281,65
4282,154
4283,101
4284,25
4285,55
4286,24
4287,94
4288,78
4289,195
4290,150
4291,188
4292,166
4293,174
4294,87
4295,64
4296,172
4297,163
4298,46
4299,39
4300,79
4301,8
4302,122
4303,113
4304,96
4305,79
4306,157
4307,83
4308,179
4309,92
4310,118
4311,40
4312,88
4313,74
4314,155
4315,56
4316,81
4317,43
4318,108
4319,55
4320,200
4321,171
4322,75
4323,182
4324,134
4325,158
4326,137
4327,200
4328,80
4329,13
4330,91
4331,75
4332,17
4333,79
4334,156
4335,61
4336,48
4337,199
4338,87
4339,58
4340,175
4341,35
4342,77
4343,106
4344,127
4345,24
4346,57
4347,11
4348,42
4349,136
4350,88
4351,196
4352,159
4353,83
4354,159
4355,11
4356,22
4357,182
4358,169
4359,7
4360,105
4361,111
4362,12
4363,145
4364,161
4365,3
4366,106
4367,171
4368,51
4369,95
4370,180
4371,40
4372,33
4373,25
4374,117
4375,196
4376,150
4377,127
4378,135
4379,165
4380,141
4381,171
4382,5
4383,49
4384,87
4385,36
4386,185
4387,2
4388,183
4389,115
4390,51
4391,176
4392,124
4393,45
4394,18
4395,113
4396,20
4397,73
4398,101
4399,92
4400,138
4401,135
4402,44
4403,105
4404,174
4405,177
4406,185
4407,17
4408,89
4409,123
4410,85
4411,142
4412,69
4413,7
4414,58
4415,17
4416,8
4417,153
4418,83
4419,168
4420,65
4421,119
4422,69
4423,104
4424,95
4425,71
4426,6
4427,71
4428,34
4429,38
4430,158
4431,27
4432,147
4433,186
4434,72
4435,76
4436,124
4437,174
4438,10
4439,32
4440,177
4441,55
4442,12
4443,54
4444,66
4445,19
4446,6
4447,69
4448,150
4449,38
4450,129
4451,117
4452,8
4453,7
4454,46
4455,199
4456,40
4457,179
4458,151
4459,117
4460,95
4461,30
4462,62
4463,150
4464,152
4465,48
4466,118
4467,101
4468,55
4469,79
4470,136
4471,14
4472,104
4473,35
4474,16
4475,67
4476,12
4477,153
4478,177
4479,124
4480,174
4481,61
4482,124
4483,154
4484,2
4485,132
4486,150
4487,128
4488,143
4489,50
4490,170
4491,58
4492,97
4493,165
4494,30
4495,72
4496,71
4497,85
4498,125
4499,87
4500,10
4501,49
4502,146
4503,162
4504,188
4505,168
4506,101
4507,166
4508,48
4509,154
4510,75
4511,12
4512,2
4513,7
4514,158
4515,106
4516,19
4517,69
4518,111
4519,74
4520,73
4521,161
4522,54
4523,143
4524,20
4525,100
4526,145
4527,149
4528,176
4529,57
4530,111
4531,118
4532,96
4533,125
4534,173
4535,92
4536,58
4537,12
4538,174
4539,75
4540,134
4541,66
4542,24
4543,127
4544,23
4545,128
4546,18
4547,160
4548,162
4549,156
4550,130
4551,93
4552,137
4553,77
4554,154
4555,60
4556,50
4557,15
4558,130
4559,82
4560,23
4561,138
4562,44
4563,105
4564,30
4565,54
4566,58
4567,109
4568,9
4569,179
4570,188
4571,2
4572,11
4573,24
4574,173
4575,186
4576,95
4577,10
4578,171
4579,105
4580,132
4581,74
4582,150
4583,143
4584,119
4585,196
4586,75
4587,8
4588,125
4589,68
4590,83
4591,10
4592,167
4593,58
4594,80
4595,76
4596,2
4597,133
4598,38
4599,158
4600,7
4601,151
4602,155
4603,84
4604,8
4605,72
4606,5
4607,169
4608,61
4609,193
4610,124
4611,75
4612,80
4613,166
4614,160
4615,79
4616,67
4617,39
4618,34
4619,189
4620,105
4621,170
4622,13
4623,39
4624,90
4625,61
4626,93
4627,10
4628,132
4629,59
4630,196
4631,93
4632,130
4633,81
4634,3
4635,40
4636,194
4637,43
4638,101
4639,167
4640,193
4641,152
4642,126
4643,58
4644,149
4645,187
4646,115
4647,88
4648,9
4649,120
4650,189
4651,131
4652,114
4653,88
4654,94
4655,22
4656,192
4657,90
4658,21
4659,134
4660,146
4661,62
4662,134
4663,174
4664,54
4665,101
4666,71
4667,162
4668,193
4669,101
4670,123
4671,63
4672,159
4673,187
4674,158
4675,175
4676,68
4677,24
4678,55
4679,2
4680,12
4681,109
4682,81
4683,169
4684,68
4685,56
4686,50
4687,66
4688,122
4689,87
4690,91
4691,67
4692,109
4693,145
4694,3
4695,61
4696,193
4697,178
4698,47
4699,165
4700,6
4701,101
4702,164
4703,73
4704,68
4705,10
4706,25
4707,26
4708,47
4709,189
4710,84
4711,79
4712,76
4713,50
4714,193
4715,17
4716,73
4717,186
4718,39
4719,159
4720,57
4721,39
4722,153
4723,155
4724,55
4725,94
4726,109
4727,15
4728,27
4729,56
4730,132
4731,150
4732,166
4733,138
4734,134
4735,110
4736,9
4737,50
4738,143
4739,31
4740,17
4741,11
4742,139
4743,119
4744,113
4745,69
4746,118
4747,73
4748,62
4749,52
4750,118
4751,105
4752,125
4753,50
4754,176
4755,37
4756,115
4757,77
4758,93
4759,192
4760,75
4761,22
4762,29
4763,98
4764,129
4765,54
4766,150
4767,142
4768,118
4769,178
4770,155
4771,69
4772,29
4773,75
4774,112
4775,67
4776,115
4777,175
4778,141
4779,176
4780,21
4781,14
4782,6
4783,135
4784,178
4785,39
4786,31
4787,175
4788,17
4789,153
4790,156
4791,148
4792,15
4793,151
4794,88
4795,40
4796,83
4797,86
4798,102
4799,194
4800,77
4801,111
4802,43
4803,75
4804,73
4805,191
4806,45
4807,64
4808,177
4809,23
4810,126
4811,154
4812,8
4813,120
4814,7
4815,1
4816,28
4817,198
4818,66
4819,43
4820,114
4821,116
4822,60
4823,51
4824,25
4825,52
4826,158
4827,55
4828,99
4829,76
4830,198
4831,108
4832,52
4833,54
4834,19
4835,101
4836,133
4837,95
4838,77
4839,121
4840,86
4841,71
4842,41
4843,83
4844,35
4845,165
4846,18
4847,83
4848,19
4849,129
4850,54
4851,59
4852,118
4853,86
4854,124
4855,178
4856,180
4857,49
4858,79
4859,50
4860,103
4861,118
4862,178
4863,86
4864,98
4865,49
4866,3
4867,52
4868,181
4869,81
4870,183
4871,16
4872,183
4873,100
4874,53
4875,192
4876,189
4877,86
4878,158
4879,157
4880,183
4881,70
4882,10
4883,165
4884,105
4885,21
4886,156
4887,172
4888,200
4889,155
4890,17
4891,166
4892,37
4893,14
4894,27
4895,127
4896,62
4897,117
4898,118
4899,88
4900,178
4901,156
4902,199
4903,139
4904,62
4905,177
4906,64
4907,130
4908,107
4909,162
4910,10
4911,190
4912,188
4913,19
4914,138
4915,17
4916,157
4917,186
4918,72
4919,192
4920,122
4921,30
4922,45
4923,141
4924,164
4925,95
4926,194
4927,138
4928,1
4929,74
4930,46
4931,6
4932,35
4933,24
4934,55
4935,79
4936,92
4937,63
4938,4
4939,5
4940,28
4941,115
4942,173
4943,52
4944,162
4945,58
4946,36
4947,139
4948,124
4949,195
4950,26
4951,97
4952,47
4953,175
4954,131
4955,78
4956,42
4957,88
4958,44
4959,197
4960,171
4961,22
4962,164
4963,77
4964,155
4965,173
4966,11
4967,134
4968,162
4969,17
4970,117
4971,91
4972,169
4973,58
4974,103
4975,131
4976,180
