OrderID,UserID,Paid,OrderDate
1,997,0,2024-11-16
2,370,0,2024-12-05
3,840,0,2024-10-15
4,26,0,2024-03-29
5,49,0,2023-11-17
6,768,0,2023-02-16
7,397,0,2023-04-09
8,791,0,2023-11-12
9,999,0,2023-10-20
10,732,0,2024-01-27
11,202,0,2023-07-05
12,460,0,2024-07-10
13,268,0,2024-11-21
14,616,0,2024-10-13
15,172,0,2024-12-19
16,823,0,2023-01-10
17,412,0,2023-02-09
18,273,0,2024-10-31
19,975,0,2023-10-19
20,271,0,2023-11-08
21,177,0,2024-09-20
22,524,0,2024-12-29
23,60,0,2024-10-23
24,867,0,2024-06-08
25,298,0,2024-02-08
26,137,0,2023-01-09
27,853,0,2024-11-03
28,193,0,2024-01-01
29,236,0,2024-07-12
30,65,0,2023-03-29
31,862,0,2024-12-27
32,842,0,2023-03-31
33,83,0,2024-01-08
34,564,0,2023-03-23
35,724,0,2024-09-21
36,415,0,2023-07-28
37,778,0,2023-07-31
38,928,0,2024-02-17
39,375,0,2024-05-18
40,737,0,2023-07-29
41,193,0,2023-09-24
42,800,0,2024-04-05
43,117,0,2023-12-21
44,767,0,2023-03-14
45,435,0,2024-06-03
46,346,0,2024-08-04
47,755,0,2024-07-01
48,72,0,2023-08-02
49,495,0,2023-11-13
50,917,0,2023-08-05
51,101,0,2024-06-17
52,954,0,2024-07-11
53,302,0,2024-07-19
54,717,0,2024-04-04
55,667,0,2023-07-10
56,411,0,2023-02-26
57,786,0,2024-05-25
58,345,0,2023-06-27
59,948,0,2024-10-04
60,592,0,2023-03-25
61,949,0,2024-04-15
62,341,0,2024-04-16
63,907,0,2023-07-01
64,666,0,2023-06-06
65,754,0,2023-05-11
66,879,0,2024-02-28
67,404,0,2023-04-28
68,673,0,2023-10-21
69,735,0,2023-03-22
70,994,0,2024-10-12
71,549,0,2023-01-30
72,374,0,2024-08-04
73,497,0,2024-09-22
74,179,0,2024-03-26
75,402,0,2024-09-25
76,939,0,2024-08-28
77,130,0,2023-12-12
78,421,0,2023-03-28
79,20,0,2023-07-07
80,257,0,2023-02-07
81,773,0,2024-03-22
82,851,0,2023-08-27
83,532,0,2024-06-25
84,971,0,2023-08-15
85,996,0,2023-06-06
86,232,0,2023-05-26
87,601,0,2024-03-16
88,846,0,2024-08-18
89,226,0,2024-02-27
90,971,0,2023-08-22
91,103,0,2024-05-13
92,92,0,2024-08-14
93,488,0,2023-05-07
94,832,0,2023-02-27
95,216,0,2024-02-24
96,338,0,2024-10-17
97,404,0,2024-12-03
98,197,0,2024-02-06
99,940,0,2024-10-20
100,24,0,2024-07-17
101,530,0,2024-02-28
102,663,0,2023-12-12
103,534,0,2023-07-18
104,136,0,2023-06-27
105,855,0,2024-09-03
106,44,0,2024-04-03
107,991,0,2024-12-20
108,324,0,2024-12-23
109,930,0,2024-07-31
110,287,0,2024-12-02
111,664,0,2023-10-13
112,548,0,2024-03-15
113,795,0,2023-11-01
114,986,0,2023-11-02
115,299,0,2023-10-07
116,111,0,2024-10-16
117,898,0,2024-07-12
118,362,0,2023-08-18
119,880,0,2023-02-08
120,698,0,2023-04-14
121,747,0,2023-11-17
122,243,0,2023-07-01
123,93,0,2024-03-23
124,61,0,2024-11-30
125,978,0,2024-08-30
126,873,0,2023-10-29
127,208,0,2024-06-06
128,763,0,2023-03-23
129,481,0,2024-07-05
130,717,0,2024-12-23
131,72,0,2024-07-17
132,358,0,2024-11-04
133,962,0,2023-09-15
134,802,0,2023-03-04
135,181,0,2024-02-23
136,64,0,2024-03-22
137,285,0,2023-10-01
138,154,0,2024-09-13
139,922,0,2023-12-02
140,83,0,2023-04-20
141,155,0,2024-04-14
142,534,0,2024-01-07
143,962,0,2024-07-26
144,895,0,2023-09-14
145,556,0,2023-02-09
146,637,0,2023-08-05
147,331,0,2023-02-20
148,176,0,2024-07-27
149,990,0,2023-06-21
150,676,0,2023-04-07
151,181,0,2024-05-01
152,851,0,2024-10-29
153,296,0,2023-06-16
154,345,0,2024-05-22
155,122,0,2023-04-24
156,525,0,2023-06-21
157,878,0,2023-05-19
158,441,0,2023-01-16
159,695,0,2023-11-02
160,851,0,2023-03-06
161,69,0,2024-11-19
162,702,0,2023-03-04
163,192,0,2023-02-05
164,302,0,2024-04-18
165,529,0,2024-05-17
166,422,0,2023-02-15
167,815,0,2023-09-03
168,484,0,2024-01-10
169,821,0,2023-10-25
170,509,0,2023-09-13
171,578,0,2023-11-11
172,812,0,2024-01-03
173,994,0,2023-04-15
174,972,0,2023-11-06
175,339,0,2023-07-19
176,423,0,2023-08-17
177,799,0,2024-11-17
178,815,0,2023-01-08
179,527,0,2023-03-25
180,883,0,2023-05-03
181,548,0,2024-04-04
182,226,0,2023-02-13
183,258,0,2023-03-12
184,6,0,2024-03-10
185,375,0,2024-05-11
186,679,0,2023-10-15
187,623,0,2023-02-02
188,780,0,2024-08-19
189,176,0,2023-07-07
190,843,0,2023-07-29
191,506,0,2024-06-04
192,578,0,2023-09-29
193,607,0,2023-08-02
194,758,0,2024-07-13
195,977,0,2024-05-17
196,300,0,2024-02-13
197,873,0,2023-11-22
198,328,0,2023-03-07
199,759,0,2024-10-10
200,218,0,2023-08-08
201,196,0,2023-07-04
202,838,0,2024-05-11
203,686,0,2023-09-14
204,264,0,2024-01-28
205,492,0,2024-07-13
206,198,0,2023-04-14
207,862,0,2024-11-23
208,18,0,2024-03-02
209,920,0,2024-09-29
210,523,0,2024-01-25
211,215,0,2023-04-30
212,680,0,2024-10-28
213,391,0,2023-06-15
214,638,0,2023-03-21
215,710,0,2024-11-05
216,629,0,2024-03-12
217,302,0,2024-05-27
218,960,0,2024-06-05
219,333,0,2023-02-10
220,40,0,2023-01-04
221,975,0,2024-04-21
222,672,0,2024-12-08
223,772,0,2023-04-30
224,51,0,2023-10-19
225,359,0,2024-01-02
226,474,0,2024-11-05
227,973,0,2023-06-18
228,663,0,2023-09-07
229,821,0,2024-05-24
230,461,0,2024-03-25
231,579,0,2023-06-03
232,823,0,2023-06-15
233,29,0,2023-11-25
234,160,0,2023-07-04
235,497,0,2024-05-23
236,485,0,2023-05-02
237,198,0,2024-04-06
238,10,0,2024-10-22
239,609,0,2024-08-01
240,643,0,2023-06-22
241,794,0,2023-09-06
242,246,0,2023-06-11
243,434,0,2023-09-03
244,48,0,2023-10-26
245,912,0,2023-12-19
246,882,0,2024-04-16
247,953,0,2024-06-29
248,555,0,2024-10-23
249,669,0,2023-01-07
250,104,0,2023-10-16
251,445,0,2023-08-29
252,390,0,2023-08-03
253,993,0,2023-11-26
254,890,0,2024-06-09
255,53,0,2023-11-23
256,377,0,2024-04-03
257,83,0,2024-04-11
258,398,0,2024-10-24
259,982,0,2023-11-14
260,874,0,2023-05-17
261,248,0,2023-06-17
262,29,0,2023-05-08
263,994,0,2023-09-12
264,828,0,2024-03-14
265,712,0,2024-04-20
266,976,0,2024-06-24
267,20,0,2024-08-25
268,720,0,2023-05-18
269,829,0,2024-03-13
270,190,0,2023-07-13
271,917,0,2023-03-29
272,73,0,2024-10-02
273,803,0,2023-06-06
274,708,0,2024-04-12
275,76,0,2024-02-17
276,928,0,2023-10-09
277,598,0,2023-03-31
278,116,0,2023-11-19
279,878,0,2024-02-20
280,372,0,2023-05-08
281,810,0,2024-03-16
282,586,0,2024-01-09
283,729,0,2023-11-26
284,472,0,2024-08-21
285,927,0,2024-04-30
286,225,0,2024-01-19
287,480,0,2024-05-28
288,793,0,2024-02-05
289,997,0,2023-09-09
290,669,0,2023-11-07
291,283,0,2023-08-23
292,981,0,2023-05-29
293,27,0,2023-05-26
294,226,0,2024-03-22
295,295,0,2024-05-25
296,281,0,2023-04-13
297,115,0,2024-05-08
298,297,0,2024-02-23
299,501,0,2024-02-10
300,673,0,2024-03-02
301,301,0,2023-06-01
302,468,0,2024-05-02
303,703,0,2024-05-30
304,277,0,2023-04-10
305,115,0,2024-12-31
306,240,0,2023-12-21
307,881,0,2024-07-31
308,936,0,2024-02-28
309,151,0,2024-08-14
310,658,0,2023-08-20
311,222,0,2023-02-09
312,414,0,2023-07-06
313,362,0,2023-12-13
314,909,0,2024-11-19
315,350,0,2023-09-06
316,284,0,2023-09-06
317,167,0,2023-05-24
318,21,0,2024-07-09
319,749,0,2023-11-27
320,26,0,2023-05-21
321,138,0,2023-09-03
322,497,0,2024-06-06
323,746,0,2023-05-17
324,403,0,2023-02-01
325,872,0,2023-12-20
326,102,0,2023-12-13
327,798,0,2023-09-15
328,713,0,2023-04-19
329,107,0,2024-10-22
330,628,0,2024-05-20
331,857,0,2024-12-03
332,459,0,2024-12-23
333,781,0,2023-07-14
334,236,0,2024-03-23
335,68,0,2023-05-31
336,616,0,2023-03-12
337,605,0,2023-07-08
338,575,0,2024-09-28
339,591,0,2023-04-03
340,91,0,2024-01-09
341,881,0,2024-06-08
342,693,0,2024-01-03
343,348,0,2024-06-27
344,431,0,2024-02-12
345,798,0,2024-06-15
346,801,0,2024-12-10
347,3,0,2024-03-08
348,214,0,2023-04-11
349,875,0,2023-01-27
350,678,0,2024-08-05
351,621,0,2024-03-18
352,122,0,2024-01-05
353,877,0,2024-01-03
354,857,0,2023-05-13
355,436,0,2024-05-22
356,820,0,2023-05-13
357,681,0,2024-01-10
358,378,0,2024-04-06
359,729,0,2023-05-03
360,659,0,2024-11-10
361,211,0,2023-07-01
362,894,0,2023-07-18
363,92,0,2024-06-11
364,2,0,2024-07-10
365,613,0,2024-06-29
366,477,0,2024-05-08
367,81,0,2023-07-03
368,692,0,2023-11-09
369,528,0,2024-04-06
370,588,0,2024-07-30
371,221,0,2023-09-30
372,535,0,2024-02-18
373,373,0,2023-04-05
374,299,0,2024-06-08
375,443,0,2024-10-12
376,407,0,2023-03-03
377,814,0,2023-11-14
378,491,0,2024-03-31
379,897,0,2023-03-16
380,489,0,2023-06-20
381,321,0,2024-05-13
382,863,0,2023-10-06
383,195,0,2023-04-15
384,699,0,2023-01-07
385,920,0,2023-11-05
386,921,0,2024-03-29
387,90,0,2024-01-20
388,598,0,2023-09-15
389,740,0,2024-07-05
390,865,0,2023-08-12
391,20,0,2024-12-15
392,469,0,2023-08-27
393,748,0,2024-07-21
394,30,0,2023-08-20
395,493,0,2024-09-16
396,544,0,2023-04-27
397,175,0,2024-03-11
398,693,0,2023-07-13
399,341,0,2024-08-22
400,652,0,2023-08-09
401,242,0,2023-05-11
402,299,0,2024-05-20
403,681,0,2024-02-01
404,981,0,2023-01-26
405,75,0,2023-01-28
406,61,0,2023-01-18
407,501,0,2024-05-29
408,457,0,2024-11-02
409,832,0,2023-08-19
410,542,0,2024-04-17
411,111,0,2023-04-03
412,982,0,2024-10-26
413,790,0,2024-03-07
414,902,0,2023-09-18
415,121,0,2023-05-18
416,894,0,2024-01-17
417,887,0,2024-06-20
418,33,0,2023-04-08
419,984,0,2023-02-18
420,689,0,2024-10-11
421,638,0,2023-05-05
422,856,0,2023-11-20
423,614,0,2023-07-30
424,201,0,2023-06-27
425,790,0,2024-02-05
426,640,0,2024-04-06
427,513,0,2024-11-14
428,641,0,2023-09-12
429,964,0,2023-05-28
430,704,0,2024-02-14
431,101,0,2023-04-05
432,640,0,2024-01-06
433,342,0,2023-06-23
434,953,0,2023-03-12
435,531,0,2024-12-07
436,320,0,2024-03-09
437,370,0,2023-01-17
438,710,0,2024-10-28
439,526,0,2024-04-23
440,948,0,2024-10-21
441,437,0,2024-12-25
442,769,0,2023-10-23
443,622,0,2024-09-16
444,306,0,2024-10-01
445,28,0,2024-09-01
446,882,0,2024-12-25
447,723,0,2023-02-03
448,890,0,2024-05-02
449,790,0,2024-09-08
450,196,0,2024-12-30
451,641,0,2024-03-23
452,194,0,2023-02-07
453,839,0,2023-07-06
454,235,0,2024-01-04
455,221,0,2023-09-25
456,920,0,2024-05-10
457,128,0,2024-02-17
458,702,0,2024-08-01
459,833,0,2024-11-15
460,28,0,2023-05-04
461,568,0,2023-04-03
462,696,0,2024-01-26
463,107,0,2023-08-12
464,63,0,2023-08-25
465,747,0,2023-05-15
466,644,0,2024-07-31
467,191,0,2023-01-24
468,432,0,2024-11-16
469,48,0,2024-04-10
470,300,0,2024-04-21
471,50,0,2023-10-13
472,191,0,2024-07-24
473,725,0,2024-07-14
474,75,0,2024-01-29
475,191,0,2024-02-25
476,46,0,2024-07-28
477,638,0,2024-01-05
478,690,0,2023-12-20
479,100,0,2023-04-16
480,54,0,2024-07-22
481,649,0,2023-01-09
482,226,0,2023-08-24
483,633,0,2023-09-25
484,443,0,2024-08-16
485,733,0,2023-01-24
486,962,0,2023-01-24
487,939,0,2023-10-08
488,399,0,2024-12-02
489,12,0,2023-08-10
490,734,0,2023-09-21
491,242,0,2023-06-28
492,995,0,2023-02-28
493,770,0,2023-04-21
494,150,0,2023-04-22
495,294,0,2024-04-09
496,951,0,2024-08-10
497,503,0,2023-08-03
498,355,0,2023-09-24
499,272,0,2024-12-13
500,361,0,2024-01-05
501,705,0,2023-07-07
502,351,0,2023-05-12
503,661,0,2024-10-28
504,734,0,2023-11-28
505,936,0,2024-04-27
506,231,0,2024-12-09
507,475,0,2023-06-27
508,984,0,2024-02-09
509,940,0,2023-06-01
510,790,0,2024-09-15
511,849,0,2024-12-14
512,716,0,2024-09-16
513,482,0,2024-07-04
514,166,0,2024-03-26
515,612,0,2024-06-04
516,360,0,2024-06-30
517,118,0,2024-05-06
518,266,0,2024-06-08
519,289,0,2023-07-12
520,673,0,2023-06-11
521,310,0,2024-07-26
522,867,0,2023-09-27
523,181,0,2023-06-06
524,737,0,2023-06-19
525,739,0,2024-04-29
526,835,0,2023-05-01
527,471,0,2024-07-23
528,927,0,2024-12-14
529,714,0,2023-02-14
530,713,0,2023-06-04
531,825,0,2023-03-20
532,198,0,2024-11-12
533,509,0,2024-01-21
534,88,0,2023-06-09
535,839,0,2023-05-18
536,566,0,2024-12-09
537,287,0,2023-11-29
538,887,0,2023-07-23
539,18,0,2023-08-04
540,526,0,2024-04-03
541,251,0,2024-01-06
542,188,0,2023-02-19
543,580,0,2024-03-26
544,217,0,2024-06-28
545,6,0,2024-03-07
546,174,0,2023-07-04
547,757,0,2023-11-24
548,376,0,2024-03-07
549,506,0,2024-11-10
550,561,0,2023-11-07
551,503,0,2024-04-19
552,201,0,2024-05-14
553,780,0,2024-02-26
554,985,0,2024-01-26
555,205,0,2024-01-24
556,7,0,2024-04-24
557,530,0,2023-05-30
558,53,0,2024-08-16
559,113,0,2023-12-20
560,629,0,2024-04-10
561,17,0,2023-01-15
562,485,0,2023-04-26
563,904,0,2023-07-18
564,14,0,2023-04-05
565,282,0,2024-11-01
566,788,0,2023-03-31
567,893,0,2023-04-27
568,667,0,2024-09-21
569,207,0,2024-06-13
570,540,0,2024-08-20
571,79,0,2023-04-13
572,262,0,2024-05-27
573,838,0,2024-05-08
574,348,0,2023-12-06
575,624,0,2024-10-05
576,78,0,2024-07-23
577,215,0,2023-10-16
578,280,0,2024-03-22
579,447,0,2024-01-20
580,600,0,2024-02-29
581,300,0,2023-11-22
582,147,0,2023-03-11
583,47,0,2023-09-21
584,849,0,2024-01-18
585,440,0,2023-02-27
586,280,0,2023-01-19
587,787,0,2024-02-09
588,855,0,2024-01-08
589,862,0,2023-10-24
590,598,0,2023-01-22
591,38,0,2023-09-28
592,573,0,2024-09-22
593,684,0,2024-11-29
594,118,0,2024-10-20
595,878,0,2023-03-29
596,844,0,2023-09-01
597,414,0,2023-07-15
598,783,0,2023-09-26
599,350,0,2023-06-04
600,549,0,2023-09-07
601,572,0,2024-09-29
602,96,0,2024-11-21
603,48,0,2024-08-15
604,207,0,2024-11-30
605,688,0,2024-06-19
606,386,0,2024-05-14
607,415,0,2023-12-06
608,415,0,2024-06-29
609,361,0,2023-01-22
610,58,0,2024-07-30
611,146,0,2023-04-21
612,387,0,2024-03-17
613,884,0,2024-09-24
614,823,0,2023-11-13
615,363,0,2024-10-03
616,141,0,2024-09-08
617,803,0,2024-11-19
618,699,0,2024-12-12
619,413,0,2024-08-22
620,697,0,2024-12-06
621,646,0,2023-04-06
622,26,0,2024-11-11
623,713,0,2024-04-13
624,256,0,2024-01-11
625,536,0,2024-04-04
626,580,0,2023-01-11
627,844,0,2024-10-10
628,130,0,2023-06-29
629,103,0,2023-12-12
630,653,0,2023-10-10
631,536,0,2023-09-03
632,870,0,2023-10-29
633,923,0,2023-06-29
634,236,0,2024-03-23
635,812,0,2023-08-31
636,437,0,2024-04-10
637,638,0,2023-07-08
638,310,0,2024-04-02
639,799,0,2023-08-10
640,946,0,2023-04-02
641,837,0,2024-06-22
642,593,0,2024-02-20
643,435,0,2023-02-28
644,563,0,2023-09-20
645,743,0,2024-01-23
646,837,0,2023-10-24
647,926,0,2024-04-15
648,470,0,2024-03-12
649,237,0,2024-01-31
650,526,0,2023-07-03
651,174,0,2024-05-24
652,584,0,2024-04-01
653,545,0,2023-11-05
654,360,0,2024-09-28
655,776,0,2023-07-07
656,449,0,2023-04-27
657,212,0,2024-09-16
658,13,0,2024-12-30
659,309,0,2023-11-16
660,152,0,2023-05-22
661,895,0,2023-08-25
662,910,0,2023-04-23
663,11,0,2023-07-28
664,822,0,2023-05-23
665,362,0,2024-03-11
666,291,0,2024-06-03
667,960,0,2024-03-02
668,168,0,2023-09-04
669,373,0,2023-11-19
670,127,0,2024-10-09
671,931,0,2024-05-13
672,597,0,2024-07-17
673,346,0,2023-09-19
674,258,0,2024-10-20
675,701,0,2024-03-23
676,257,0,2023-08-14
677,706,0,2023-12-26
678,976,0,2023-04-11
679,196,0,2024-08-08
680,839,0,2023-09-27
681,26,0,2024-12-05
682,779,0,2024-08-24
683,573,0,2023-06-25
684,169,0,2023-07-26
685,911,0,2024-05-10
686,758,0,2023-05-15
687,979,0,2023-11-27
688,50,0,2024-04-12
689,182,0,2024-12-31
690,608,0,2023-06-15
691,353,0,2024-04-28
692,599,0,2024-06-26
693,918,0,2024-07-09
694,233,0,2024-03-12
695,674,0,2024-06-30
696,431,0,2023-01-24
697,960,0,2023-11-19
698,826,0,2023-06-29
699,846,0,2024-02-16
700,188,0,2023-10-10
701,383,0,2024-08-22
702,711,0,2023-08-29
703,501,0,2023-04-03
704,81,0,2023-07-08
705,869,0,2023-01-10
706,415,0,2023-01-14
707,740,0,2023-11-10
708,212,0,2024-05-05
709,410,0,2023-06-24
710,465,0,2023-05-24
711,380,0,2023-02-08
712,161,0,2023-10-12
713,474,0,2024-05-11
714,841,0,2023-03-31
715,768,0,2023-09-23
716,309,0,2024-07-06
717,735,0,2023-12-08
718,605,0,2024-07-27
719,957,0,2024-04-04
720,199,0,2023-11-21
721,226,0,2024-09-24
722,713,0,2024-10-02
723,737,0,2024-08-01
724,710,0,2024-04-26
725,731,0,2023-06-01
726,890,0,2024-11-21
727,389,0,2023-03-31
728,797,0,2023-05-12
729,493,0,2024-02-12
730,84,0,2023-02-27
731,517,0,2023-12-18
732,518,0,2023-06-07
733,557,0,2023-01-30
734,145,0,2023-05-22
735,875,0,2024-06-29
736,365,0,2024-01-21
737,450,0,2023-06-20
738,489,0,2023-06-12
739,191,0,2023-07-03
740,718,0,2024-05-15
741,38,0,2023-12-28
742,400,0,2023-08-16
743,587,0,2024-01-11
744,638,0,2023-06-17
745,444,0,2024-11-18
746,413,0,2024-11-01
747,829,0,2023-01-31
748,580,0,2023-05-24
749,79,0,2024-05-13
750,366,0,2024-09-04
751,717,0,2024-06-06
752,132,0,2023-07-24
753,967,0,2024-01-13
754,102,0,2023-05-30
755,719,0,2023-02-19
756,409,0,2023-05-19
757,881,0,2024-10-15
758,857,0,2024-03-01
759,158,0,2024-12-13
760,672,0,2024-09-05
761,893,0,2024-02-10
762,920,0,2023-06-29
763,560,0,2023-07-07
764,109,0,2023-10-10
765,13,0,2023-06-03
766,362,0,2023-03-31
767,214,0,2023-03-17
768,383,0,2024-03-17
769,619,0,2024-06-27
770,4,0,2023-11-29
771,806,0,2023-09-15
772,79,0,2023-01-27
773,70,0,2023-04-06
774,140,0,2024-12-30
775,641,0,2023-05-01
776,159,0,2023-02-13
777,158,0,2023-11-20
778,177,0,2024-08-03
779,500,0,2024-01-06
780,970,0,2024-08-10
781,460,0,2023-07-01
782,272,0,2023-11-03
783,376,0,2024-12-27
784,245,0,2024-01-31
785,863,0,2024-05-05
786,842,0,2023-02-14
787,134,0,2023-01-14
788,701,0,2023-08-22
789,954,0,2024-07-05
790,571,0,2023-02-08
791,976,0,2024-08-23
792,501,0,2024-03-09
793,844,0,2023-04-12
794,444,0,2024-06-07
795,811,0,2023-03-20
796,712,0,2023-02-22
797,821,0,2023-07-28
798,147,0,2024-03-01
799,651,0,2024-04-02
800,136,0,2023-09-03
801,249,0,2023-01-15
802,165,0,2024-07-31
803,906,0,2023-04-04
804,763,0,2024-10-22
805,217,0,2024-12-16
806,108,0,2023-06-06
807,261,0,2024-06-14
808,120,0,2023-11-06
809,51,0,2023-10-11
810,562,0,2023-02-03
811,28,0,2023-04-09
812,822,0,2024-11-16
813,512,0,2023-09-14
814,887,0,2023-04-14
815,135,0,2023-05-07
816,269,0,2023-02-28
817,486,0,2023-12-31
818,789,0,2024-02-27
819,35,0,2023-08-14
820,709,0,2023-04-09
821,338,0,2024-07-02
822,191,0,2024-07-19
823,84,0,2024-04-12
824,435,0,2023-07-19
825,184,0,2023-10-24
826,627,0,2024-02-04
827,145,0,2023-09-23
828,530,0,2023-07-21
829,891,0,2024-05-11
830,510,0,2024-02-24
831,320,0,2023-06-08
832,491,0,2023-12-13
833,560,0,2024-12-01
834,303,0,2023-11-12
835,292,0,2024-03-02
836,23,0,2023-09-24
837,966,0,2023-08-08
838,256,0,2023-10-12
839,821,0,2023-12-12
840,966,0,2023-10-21
841,545,0,2024-01-24
842,318,0,2023-05-30
843,847,0,2023-09-16
844,435,0,2023-04-18
845,216,0,2024-11-17
846,338,0,2024-05-20
847,647,0,2024-05-10
848,45,0,2023-07-01
849,391,0,2023-04-20
850,685,0,2023-03-08
851,819,0,2024-10-07
852,661,0,2023-03-10
853,670,0,2024-03-05
854,300,0,2023-09-06
855,250,0,2023-01-14
856,103,0,2024-04-26
857,66,0,2023-07-17
858,800,0,2024-09-29
859,728,0,2023-07-27
860,478,0,2023-05-14
861,425,0,2024-10-01
862,728,0,2024-04-12
863,981,0,2024-04-28
864,844,0,2023-06-26
865,183,0,2024-12-31
866,44,0,2023-10-30
867,980,0,2023-10-22
868,581,0,2023-10-21
869,301,0,2023-04-14
870,927,0,2023-03-25
871,912,0,2024-11-03
872,414,0,2024-12-21
873,154,0,2023-03-05
874,589,0,2023-03-24
875,487,0,2024-10-06
876,857,0,2024-08-13
877,87,0,2024-07-23
878,170,0,2024-03-16
879,855,0,2023-10-09
880,191,0,2023-03-22
881,289,0,2023-01-28
882,105,0,2024-10-06
883,667,0,2023-06-09
884,502,0,2023-10-10
885,222,0,2023-07-01
886,181,0,2023-04-01
887,657,0,2023-11-11
888,868,0,2023-01-25
889,342,0,2023-12-07
890,117,0,2024-05-16
891,959,0,2024-10-25
892,248,0,2024-04-05
893,378,0,2023-07-26
894,207,0,2023-04-17
895,166,0,2024-07-16
896,238,0,2024-11-14
897,471,0,2023-10-19
898,554,0,2023-03-22
899,658,0,2023-04-07
900,300,0,2023-02-04
901,47,0,2024-07-10
902,892,0,2024-05-01
903,7,0,2023-01-11
904,891,0,2023-03-16
905,171,0,2023-12-13
906,962,0,2024-11-22
907,82,0,2023-09-27
908,163,0,2024-04-04
909,61,0,2023-01-29
910,376,0,2024-06-17
911,822,0,2023-04-13
912,93,0,2024-08-25
913,695,0,2023-11-30
914,621,0,2024-05-07
915,415,0,2024-05-05
916,264,0,2024-02-14
917,831,0,2023-12-06
918,9,0,2023-12-13
919,861,0,2023-12-10
920,5,0,2023-10-14
921,567,0,2024-01-04
922,958,0,2023-10-14
923,324,0,2024-07-18
924,183,0,2023-05-01
925,888,0,2024-06-15
926,788,0,2023-06-13
927,39,0,2023-09-02
928,941,0,2023-10-26
929,746,0,2024-06-05
930,149,0,2023-08-03
931,16,0,2023-02-07
932,835,0,2023-09-28
933,64,0,2023-07-11
934,589,0,2023-11-07
935,895,0,2024-10-05
936,943,0,2024-03-13
937,998,0,2023-03-20
938,838,0,2024-01-24
939,831,0,2024-02-25
940,13,0,2023-07-10
941,330,0,2023-03-08
942,776,0,2024-07-17
943,751,0,2024-02-03
944,624,0,2024-04-28
945,143,0,2024-06-28
946,947,0,2023-09-19
947,949,0,2024-05-16
948,417,0,2023-12-13
949,656,0,2024-02-12
950,296,0,2024-09-05
951,471,0,2024-08-02
952,949,0,2023-04-29
953,670,0,2023-09-30
954,167,0,2023-01-10
955,138,0,2023-10-13
956,453,0,2023-10-21
957,490,0,2023-09-11
958,317,0,2023-03-05
959,862,0,2023-12-31
960,128,0,2023-06-03
961,221,0,2023-06-09
962,420,0,2024-02-13
963,125,0,2024-08-14
964,184,0,2024-05-14
965,785,0,2024-04-21
966,841,0,2024-09-12
967,712,0,2024-11-23
968,499,0,2024-02-02
969,766,0,2024-07-19
970,76,0,2024-05-21
971,109,0,2023-04-08
972,297,0,2024-04-25
973,808,0,2023-11-09
974,997,0,2023-10-08
975,678,0,2024-09-07
976,944,0,2023-08-11
977,444,0,2024-11-20
978,575,0,2024-06-27
979,879,0,2023-10-24
980,793,0,2024-08-25
981,294,0,2023-11-03
982,696,0,2023-08-11
983,89,0,2024-11-29
984,282,0,2024-01-19
985,6,0,2024-08-19
986,887,0,2024-06-17
987,18,0,2023-01-16
988,315,0,2023-03-22
989,636,0,2024-11-16
990,579,0,2023-07-29
991,69,0,2024-01-08
992,495,0,2024-04-24
993,946,0,2023-05-31
994,97,0,2023-12-07
995,204,0,2023-06-19
996,851,0,2023-09-12
997,835,0,2023-12-13
998,365,0,2023-07-24
999,924,0,2024-05-24
1000,777,0,2023-02-26
1001,762,0,2024-10-05
1002,505,0,2023-06-23
1003,686,0,2023-10-24
1004,705,0,2024-12-12
1005,629,0,2023-12-01
1006,741,0,2024-05-16
1007,362,0,2023-11-19
1008,725,0,2023-08-28
1009,152,0,2024-07-23
1010,364,0,2024-12-16
1011,365,0,2023-09-03
1012,210,0,2024-11-01
1013,356,0,2023-11-26
1014,892,0,2023-07-10
1015,161,0,2023-11-17
1016,888,0,2023-11-19
1017,524,0,2023-03-16
1018,439,0,2023-01-13
1019,208,0,2023-10-27
1020,451,0,2023-01-07
1021,355,0,2023-10-27
1022,84,0,2024-10-01
1023,362,0,2023-04-23
1024,865,0,2023-07-07
1025,530,0,2023-06-04
1026,510,0,2024-03-17
1027,42,0,2024-12-27
1028,572,0,2023-05-03
1029,988,0,2024-02-17
1030,904,0,2023-04-18
1031,309,0,2024-05-17
1032,196,0,2024-04-15
1033,771,0,2023-06-28
1034,571,0,2024-04-24
1035,858,0,2023-02-21
1036,294,0,2023-09-26
1037,127,0,2024-11-14
1038,204,0,2024-04-11
1039,755,0,2024-04-12
1040,694,0,2023-08-05
1041,97,0,2023-12-28
1042,573,0,2023-09-15
1043,667,0,2024-10-20
1044,256,0,2023-12-20
1045,816,0,2024-06-30
1046,221,0,2023-08-17
1047,898,0,2024-01-28
1048,645,0,2024-06-15
1049,101,0,2023-03-14
1050,268,0,2023-03-23
1051,118,0,2024-02-21
1052,846,0,2023-12-13
1053,341,0,2023-09-27
1054,270,0,2023-03-01
1055,56,0,2024-04-24
1056,731,0,2023-11-07
1057,192,0,2024-07-30
1058,137,0,2024-10-07
1059,18,0,2024-06-09
1060,901,0,2024-04-21
1061,356,0,2023-04-10
1062,683,0,2023-12-14
1063,45,0,2024-12-14
1064,366,0,2023-09-05
1065,839,0,2023-06-19
1066,24,0,2024-11-21
1067,905,0,2024-03-21
1068,53,0,2023-11-26
1069,492,0,2023-05-17
1070,766,0,2024-04-21
1071,347,0,2023-05-08
1072,476,0,2024-09-26
1073,793,0,2024-01-05
1074,777,0,2024-08-03
1075,603,0,2024-02-03
1076,190,0,2024-08-21
1077,845,0,2023-06-06
1078,944,0,2024-07-19
1079,531,0,2024-09-03
1080,603,0,2023-08-25
1081,631,0,2023-09-03
1082,54,0,2023-11-10
1083,835,0,2024-11-02
1084,566,0,2024-08-12
1085,442,0,2023-04-25
1086,865,0,2023-02-04
1087,334,0,2023-03-09
1088,314,0,2024-08-30
1089,652,0,2024-05-12
1090,895,0,2023-06-11
1091,910,0,2024-05-02
1092,493,0,2023-05-27
1093,858,0,2023-04-03
1094,354,0,2024-04-16
1095,667,0,2023-04-12
1096,690,0,2023-09-09
1097,413,0,2023-11-04
1098,668,0,2023-11-27
1099,727,0,2024-10-17
1100,362,0,2023-03-30
1101,768,0,2024-06-04
1102,124,0,2023-10-16
1103,855,0,2024-08-28
1104,484,0,2024-10-30
1105,269,0,2024-12-22
1106,734,0,2023-10-17
1107,920,0,2024-03-27
1108,535,0,2023-12-28
1109,733,0,2023-11-08
1110,897,0,2024-03-10
1111,197,0,2023-06-13
1112,43,0,2024-07-29
1113,158,0,2024-03-31
1114,129,0,2024-02-29
1115,924,0,2023-08-01
1116,733,0,2024-08-26
1117,283,0,2023-03-03
1118,992,0,2024-02-29
1119,803,0,2024-12-18
1120,155,0,2023-01-20
1121,258,0,2023-10-30
1122,725,0,2023-09-12
1123,642,0,2024-09-30
1124,379,0,2023-08-10
1125,492,0,2023-03-09
1126,71,0,2023-08-05
1127,294,0,2024-10-21
1128,298,0,2023-02-19
1129,715,0,2024-12-30
1130,789,0,2024-06-09
1131,868,0,2024-07-26
1132,422,0,2024-06-06
1133,56,0,2024-11-07
1134,750,0,2024-09-06
1135,5,0,2023-07-10
1136,999,0,2023-07-16
1137,641,0,2024-05-03
1138,217,0,2024-07-25
1139,361,0,2023-01-23
1140,938,0,2024-08-25
1141,734,0,2024-10-26
1142,334,0,2023-02-08
1143,401,0,2024-05-15
1144,660,0,2024-06-20
1145,257,0,2024-12-10
1146,416,0,2023-02-08
1147,346,0,2024-10-31
1148,74,0,2024-03-11
1149,350,0,2023-01-12
1150,160,0,2024-01-25
1151,254,0,2023-08-19
1152,367,0,2024-11-09
1153,447,0,2023-03-11
1154,520,0,2024-06-28
1155,485,0,2024-08-06
1156,513,0,2024-06-12
1157,145,0,2024-06-09
1158,722,0,2024-10-16
1159,408,0,2024-09-13
1160,846,0,2023-09-10
1161,742,0,2023-05-15
1162,35,0,2024-04-24
1163,563,0,2023-11-23
1164,160,0,2023-07-25
1165,261,0,2024-07-07
1166,678,0,2024-08-02
1167,383,0,2023-07-12
1168,301,0,2024-01-06
1169,891,0,2024-08-23
1170,720,0,2024-03-28
1171,649,0,2023-01-24
1172,91,0,2024-07-24
1173,485,0,2024-02-17
1174,337,0,2023-11-08
1175,31,0,2023-11-29
1176,590,0,2023-12-01
1177,158,0,2023-10-09
1178,518,0,2023-02-04
1179,702,0,2024-04-30
1180,22,0,2023-10-01
1181,820,0,2023-04-16
1182,309,0,2023-07-04
1183,642,0,2023-11-25
1184,454,0,2024-08-04
1185,111,0,2023-01-24
1186,396,0,2024-10-08
1187,19,0,2024-08-24
1188,719,0,2023-10-04
1189,813,0,2024-04-15
1190,834,0,2024-04-19
1191,517,0,2023-12-01
1192,276,0,2024-08-20
1193,751,0,2023-08-30
1194,845,0,2024-07-02
1195,684,0,2024-01-21
1196,922,0,2023-10-12
1197,445,0,2024-05-03
1198,81,0,2024-01-17
1199,96,0,2023-03-02
1200,499,0,2024-06-03
1201,843,0,2023-08-07
1202,846,0,2023-05-08
1203,933,0,2023-12-31
1204,503,0,2024-03-13
1205,851,0,2024-10-26
1206,445,0,2023-11-29
1207,41,0,2024-08-23
1208,790,0,2024-03-11
1209,385,0,2024-04-23
1210,39,0,2024-06-06
1211,124,0,2024-01-26
1212,823,0,2023-05-08
1213,587,0,2023-12-29
1214,494,0,2023-06-24
1215,151,0,2024-02-29
1216,825,0,2024-02-01
1217,257,0,2024-07-16
1218,433,0,2023-03-05
1219,819,0,2024-03-17
1220,52,0,2023-07-11
1221,293,0,2024-06-12
1222,334,0,2024-06-03
1223,390,0,2023-12-10
1224,198,0,2024-07-16
1225,923,0,2024-08-29
1226,68,0,2024-07-19
1227,356,0,2023-03-28
1228,167,0,2023-04-29
1229,470,0,2024-06-27
1230,13,0,2023-05-25
1231,964,0,2023-12-26
1232,660,0,2023-03-30
1233,159,0,2024-11-10
1234,783,0,2023-09-24
1235,563,0,2023-02-04
1236,723,0,2024-11-08
1237,777,0,2023-08-24
1238,65,0,2023-03-22
1239,934,0,2023-07-05
1240,757,0,2023-06-08
1241,604,0,2023-10-03
1242,132,0,2023-09-12
1243,461,0,2023-10-19
1244,295,0,2024-02-10
1245,183,0,2023-12-12
1246,825,0,2024-06-03
1247,294,0,2023-10-16
1248,748,0,2024-05-26
1249,260,0,2024-02-07
1250,54,0,2024-03-21
1251,758,0,2023-09-12
1252,336,0,2024-01-31
1253,170,0,2024-08-23
1254,251,0,2024-09-02
1255,880,0,2024-09-01
1256,563,0,2023-10-24
1257,780,0,2024-06-26
1258,198,0,2024-11-23
1259,313,0,2024-06-14
1260,111,0,2023-09-15
1261,585,0,2024-04-26
1262,788,0,2023-12-20
1263,434,0,2024-03-19
1264,370,0,2024-04-03
1265,234,0,2023-05-20
1266,663,0,2024-07-27
1267,288,0,2023-06-01
1268,958,0,2023-07-03
1269,257,0,2024-09-29
1270,917,0,2023-07-17
1271,507,0,2024-11-02
1272,613,0,2024-12-23
1273,637,0,2024-12-14
1274,666,0,2023-03-18
1275,673,0,2024-04-19
1276,317,0,2023-10-04
1277,318,0,2024-04-17
1278,87,0,2023-05-17
1279,926,0,2023-01-09
1280,480,0,2023-08-22
1281,743,0,2024-07-10
1282,27,0,2023-04-08
1283,684,0,2023-06-05
1284,854,0,2023-09-10
1285,148,0,2023-07-20
1286,985,0,2023-09-09
1287,553,0,2023-02-12
1288,932,0,2024-07-15
1289,510,0,2024-05-27
1290,575,0,2024-04-20
1291,263,0,2023-12-18
1292,971,0,2024-10-09
1293,493,0,2024-04-02
1294,116,0,2023-05-25
1295,35,0,2024-04-03
1296,505,0,2024-12-16
1297,154,0,2023-04-11
1298,975,0,2024-04-25
1299,756,0,2023-06-16
1300,523,0,2024-01-10
1301,460,0,2024-07-08
1302,327,0,2024-03-02
1303,225,0,2023-04-16
1304,48,0,2023-07-09
1305,43,0,2024-03-18
1306,678,0,2024-02-23
1307,19,0,2023-06-21
1308,398,0,2023-04-20
1309,479,0,2024-04-20
1310,831,0,2024-01-10
1311,620,0,2023-02-05
1312,376,0,2023-10-18
1313,493,0,2024-02-24
1314,229,0,2023-05-02
1315,351,0,2024-10-09
1316,119,0,2024-06-30
1317,142,0,2023-06-30
1318,148,0,2024-09-26
1319,11,0,2024-04-30
1320,884,0,2023-04-13
1321,248,0,2023-06-01
1322,882,0,2023-09-01
1323,21,0,2024-12-06
1324,459,0,2023-01-30
1325,811,0,2023-08-07
1326,753,0,2023-06-25
1327,630,0,2024-03-28
1328,791,0,2023-04-02
1329,452,0,2024-06-25
1330,797,0,2023-07-21
1331,859,0,2023-07-19
1332,421,0,2024-07-28
1333,939,0,2023-10-16
1334,639,0,2023-08-23
1335,513,0,2024-08-08
1336,747,0,2024-06-30
1337,731,0,2023-11-22
1338,1000,0,2023-08-17
1339,625,0,2024-07-25
1340,119,0,2024-10-08
1341,413,0,2024-06-10
1342,238,0,2024-08-26
1343,182,0,2023-03-31
1344,299,0,2023-10-15
1345,785,0,2023-04-26
1346,314,0,2024-09-28
1347,453,0,2023-01-25
1348,314,0,2023-06-14
1349,689,0,2024-05-29
1350,724,0,2024-03-03
1351,214,0,2023-08-15
1352,178,0,2023-10-06
1353,445,0,2023-07-02
1354,982,0,2024-04-05
1355,718,0,2024-07-16
1356,334,0,2023-01-07
1357,884,0,2024-02-05
1358,736,0,2024-02-13
1359,872,0,2023-06-17
1360,30,0,2023-03-01
1361,566,0,2023-02-27
1362,310,0,2024-05-06
1363,700,0,2023-03-29
1364,172,0,2024-03-17
1365,183,0,2024-06-16
1366,578,0,2024-02-23
1367,13,0,2024-10-20
1368,721,0,2023-09-03
1369,170,0,2023-01-23
1370,431,0,2023-09-17
1371,438,0,2024-03-20
1372,760,0,2023-03-20
1373,987,0,2023-04-22
1374,883,0,2023-02-10
1375,435,0,2024-12-01
1376,367,0,2024-03-16
1377,617,0,2023-02-08
1378,930,0,2024-01-12
1379,883,0,2024-06-17
1380,556,0,2024-04-29
1381,802,0,2023-07-03
1382,784,0,2023-03-22
1383,734,0,2023-10-23
1384,231,0,2023-04-23
1385,504,0,2024-08-06
1386,119,0,2024-04-26
1387,865,0,2023-04-25
1388,297,0,2024-02-29
1389,300,0,2024-09-01
1390,322,0,2023-11-21
1391,918,0,2023-06-09
1392,279,0,2023-03-24
1393,654,0,2024-09-01
1394,351,0,2023-05-12
1395,78,0,2024-03-25
1396,545,0,2023-02-19
1397,605,0,2024-11-12
1398,734,0,2023-01-06
1399,259,0,2023-02-03
1400,653,0,2024-02-15
1401,172,0,2023-11-09
1402,620,0,2023-09-25
1403,89,0,2023-12-04
1404,767,0,2024-01-22
1405,328,0,2023-10-20
1406,581,0,2024-01-05
1407,391,0,2023-05-28
1408,705,0,2023-06-11
1409,832,0,2024-11-30
1410,462,0,2024-04-30
1411,67,0,2023-08-10
1412,625,0,2024-09-05
1413,281,0,2024-11-07
1414,845,0,2024-01-28
1415,730,0,2023-09-06
1416,946,0,2024-07-30
1417,156,0,2024-05-16
1418,933,0,2024-12-21
1419,261,0,2024-04-23
1420,603,0,2023-06-05
1421,98,0,2023-10-01
1422,146,0,2023-02-22
1423,477,0,2024-08-22
1424,382,0,2024-09-22
1425,265,0,2023-10-05
1426,901,0,2024-09-30
1427,802,0,2024-02-22
1428,475,0,2024-02-24
1429,894,0,2024-07-20
1430,229,0,2023-06-25
1431,819,0,2024-03-05
1432,765,0,2024-08-04
1433,625,0,2024-12-07
1434,371,0,2024-11-04
1435,918,0,2023-10-10
1436,519,0,2024-11-17
1437,681,0,2023-11-01
1438,542,0,2024-07-02
1439,48,0,2023-12-23
1440,374,0,2023-12-03
1441,675,0,2023-05-17
1442,427,0,2023-05-19
1443,339,0,2024-07-21
1444,971,0,2024-01-01
1445,197,0,2023-04-06
1446,487,0,2023-10-31
1447,483,0,2024-06-09
1448,90,0,2024-07-20
1449,293,0,2023-04-20
1450,298,0,2024-03-23
1451,171,0,2023-01-02
1452,618,0,2024-07-09
1453,696,0,2024-03-01
1454,805,0,2024-03-04
1455,987,0,2023-02-09
1456,660,0,2024-03-17
1457,2,0,2023-08-04
1458,777,0,2024-05-16
1459,773,0,2023-06-28
1460,837,0,2024-06-02
1461,758,0,2023-09-20
1462,541,0,2024-12-02
1463,913,0,2024-11-22
1464,519,0,2023-08-08
1465,715,0,2023-09-25
1466,849,0,2023-01-10
1467,41,0,2024-11-02
1468,997,0,2023-04-27
1469,924,0,2023-07-09
1470,766,0,2024-04-09
1471,872,0,2024-12-11
1472,285,0,2024-11-11
1473,468,0,2023-02-02
1474,959,0,2023-02-24
1475,120,0,2023-12-16
1476,859,0,2024-09-20
1477,175,0,2024-11-18
1478,124,0,2024-05-16
1479,544,0,2023-10-23
1480,177,0,2024-05-01
1481,171,0,2023-03-29
1482,256,0,2023-03-06
1483,978,0,2024-09-28
1484,229,0,2023-06-15
1485,810,0,2023-09-13
1486,647,0,2023-06-18
1487,975,0,2023-02-17
1488,883,0,2024-07-05
1489,685,0,2024-12-18
1490,159,0,2024-04-28
1491,772,0,2023-04-05
1492,14,0,2024-09-26
1493,180,0,2023-09-10
1494,133,0,2024-10-03
1495,874,0,2024-03-01
1496,443,0,2023-09-17
1497,395,0,2023-11-16
1498,122,0,2024-01-21
1499,808,0,2023-12-30
1500,260,0,2023-10-16
1501,215,0,2023-04-18
1502,844,0,2024-01-05
1503,144,0,2024-12-09
1504,224,0,2023-06-04
1505,410,0,2024-10-10
1506,681,0,2024-01-22
1507,491,0,2024-10-04
1508,237,0,2023-02-18
1509,565,0,2023-11-20
1510,171,0,2024-08-20
1511,251,0,2024-04-10
1512,495,0,2024-07-05
1513,181,0,2024-07-14
1514,815,0,2024-03-13
1515,497,0,2023-06-21
1516,980,0,2024-02-01
1517,775,0,2024-02-20
1518,559,0,2023-09-15
1519,591,0,2024-02-02
1520,667,0,2024-04-13
1521,397,0,2023-09-07
1522,945,0,2024-02-05
1523,322,0,2024-03-20
1524,191,0,2023-07-11
1525,228,0,2023-05-13
1526,41,0,2023-07-12
1527,958,0,2024-08-22
1528,3,0,2024-07-29
1529,449,0,2023-04-16
1530,581,0,2023-04-21
1531,350,0,2024-02-25
1532,206,0,2023-06-03
1533,809,0,2024-08-10
1534,423,0,2023-04-20
1535,821,0,2023-02-13
1536,704,0,2024-09-30
1537,41,0,2023-01-20
1538,925,0,2023-09-06
1539,995,0,2024-09-05
1540,205,0,2023-01-23
1541,510,0,2023-11-16
1542,639,0,2023-09-17
1543,801,0,2024-07-10
1544,959,0,2023-02-15
1545,340,0,2024-09-17
1546,790,0,2024-09-29
1547,231,0,2024-05-02
1548,16,0,2023-03-25
1549,542,0,2024-11-05
1550,278,0,2023-11-24
1551,636,0,2023-06-08
1552,390,0,2024-06-13
1553,513,0,2023-12-12
1554,935,0,2024-12-01
1555,97,0,2024-12-02
1556,339,0,2024-07-16
1557,467,0,2024-12-03
1558,493,0,2024-11-14
1559,456,0,2023-04-27
1560,356,0,2023-03-22
1561,509,0,2023-11-10
1562,259,0,2023-02-23
1563,187,0,2023-12-25
1564,971,0,2024-10-02
1565,433,0,2023-04-08
1566,507,0,2024-07-09
1567,249,0,2023-04-15
1568,30,0,2023-07-23
1569,859,0,2023-10-17
1570,887,0,2023-08-11
1571,850,0,2024-04-30
1572,639,0,2024-09-13
1573,322,0,2024-12-08
1574,463,0,2023-11-03
1575,363,0,2024-10-09
1576,620,0,2023-08-06
1577,471,0,2024-09-13
1578,282,0,2023-09-17
1579,301,0,2024-04-20
1580,259,0,2024-08-24
1581,761,0,2023-02-15
1582,892,0,2023-06-26
1583,634,0,2024-08-05
1584,21,0,2024-05-21
1585,217,0,2024-04-17
1586,386,0,2023-03-31
1587,385,0,2023-10-29
1588,362,0,2023-06-09
1589,99,0,2023-12-06
1590,954,0,2023-01-07
1591,528,0,2023-11-26
1592,454,0,2024-08-17
1593,707,0,2023-06-18
1594,456,0,2023-11-15
1595,277,0,2024-01-25
1596,188,0,2024-10-27
1597,507,0,2023-08-11
1598,475,0,2024-02-24
1599,903,0,2024-03-01
1600,392,0,2024-04-07
1601,495,0,2023-03-10
1602,940,0,2024-09-19
1603,400,0,2024-05-28
1604,197,0,2023-07-24
1605,129,0,2023-07-14
1606,74,0,2023-05-19
1607,713,0,2023-12-16
1608,149,0,2024-12-15
1609,558,0,2023-01-11
1610,994,0,2024-04-19
1611,823,0,2023-05-12
1612,989,0,2023-04-28
1613,292,0,2024-02-12
1614,296,0,2024-02-16
1615,670,0,2024-06-03
1616,578,0,2024-01-10
1617,448,0,2024-08-17
1618,602,0,2023-02-17
1619,560,0,2024-04-16
1620,781,0,2024-11-28
1621,717,0,2023-12-27
1622,722,0,2023-11-26
1623,559,0,2023-02-24
1624,938,0,2023-10-21
1625,401,0,2024-03-02
1626,258,0,2024-01-04
1627,66,0,2024-10-08
1628,965,0,2023-07-15
1629,139,0,2024-09-09
1630,830,0,2024-04-10
1631,338,0,2023-09-26
1632,178,0,2023-08-25
1633,565,0,2024-09-16
1634,612,0,2023-03-02
1635,727,0,2024-07-28
1636,540,0,2023-09-01
1637,613,0,2023-04-23
1638,348,0,2024-07-24
1639,905,0,2023-01-16
1640,103,0,2024-05-21
1641,612,0,2024-05-18
1642,376,0,2023-11-03
1643,432,0,2024-03-31
1644,598,0,2023-09-20
1645,271,0,2023-08-13
1646,423,0,2024-09-29
1647,890,0,2024-11-01
1648,785,0,2024-09-15
1649,782,0,2023-06-29
1650,417,0,2023-06-03
1651,803,0,2023-09-19
1652,166,0,2024-09-15
1653,882,0,2023-07-09
1654,890,0,2023-03-01
1655,976,0,2023-04-19
1656,593,0,2023-01-05
1657,838,0,2024-11-29
1658,441,0,2023-12-07
1659,769,0,2024-05-21
1660,18,0,2023-07-06
1661,728,0,2024-04-01
1662,651,0,2023-10-14
1663,188,0,2024-08-24
1664,104,0,2024-07-18
1665,721,0,2024-09-10
1666,447,0,2024-04-04
1667,49,0,2024-10-14
1668,294,0,2024-06-02
1669,64,0,2023-12-04
1670,995,0,2024-08-02
1671,315,0,2023-08-02
1672,270,0,2024-04-08
1673,766,0,2023-05-01
1674,158,0,2023-07-19
1675,829,0,2023-02-17
1676,959,0,2024-03-22
1677,348,0,2024-09-19
1678,51,0,2024-03-09
1679,51,0,2024-06-17
1680,89,0,2023-01-26
1681,995,0,2023-03-22
1682,837,0,2023-10-09
1683,262,0,2024-12-05
1684,435,0,2023-10-21
1685,553,0,2023-04-18
1686,451,0,2023-05-09
1687,893,0,2024-08-13
1688,466,0,2024-02-01
1689,27,0,2023-10-16
1690,775,0,2024-11-02
1691,76,0,2024-09-08
1692,659,0,2023-02-12
1693,736,0,2023-11-27
1694,225,0,2023-07-21
1695,452,0,2024-11-30
1696,936,0,2023-01-05
1697,143,0,2024-05-09
1698,704,0,2024-12-07
1699,691,0,2023-09-04
1700,303,0,2024-12-04
1701,749,0,2024-06-02
1702,382,0,2023-11-21
1703,584,0,2024-09-19
1704,643,0,2024-09-03
1705,319,0,2023-01-28
1706,147,0,2023-03-16
1707,821,0,2023-03-16
1708,919,0,2024-07-05
1709,827,0,2023-07-24
1710,10,0,2023-12-11
1711,78,0,2024-12-11
1712,485,0,2024-02-26
1713,891,0,2023-01-12
1714,696,0,2023-05-14
1715,70,0,2024-02-22
1716,720,0,2023-04-03
1717,9,0,2024-10-15
1718,744,0,2024-07-24
1719,305,0,2024-05-15
1720,902,0,2024-07-08
1721,317,0,2023-12-26
1722,66,0,2024-11-08
1723,714,0,2023-03-26
1724,880,0,2024-04-16
1725,726,0,2023-11-08
1726,426,0,2024-03-08
1727,729,0,2024-09-11
1728,721,0,2023-01-12
1729,300,0,2023-08-17
1730,82,0,2024-06-20
1731,19,0,2024-01-13
1732,778,0,2024-07-18
1733,287,0,2024-07-31
1734,232,0,2023-07-17
1735,444,0,2023-05-25
1736,824,0,2023-05-13
1737,202,0,2024-09-11
1738,272,0,2023-01-20
1739,471,0,2023-10-25
1740,687,0,2023-01-30
1741,347,0,2023-03-26
1742,819,0,2024-11-15
1743,197,0,2023-10-01
1744,682,0,2024-03-09
1745,233,0,2024-05-21
1746,395,0,2023-05-02
1747,349,0,2023-07-14
1748,478,0,2024-02-23
1749,966,0,2024-10-21
1750,746,0,2024-06-09
1751,790,0,2024-06-06
1752,765,0,2023-12-01
1753,255,0,2023-11-08
1754,803,0,2024-09-10
1755,685,0,2023-12-23
1756,340,0,2024-04-22
1757,778,0,2024-11-12
1758,94,0,2024-11-23
1759,847,0,2024-05-08
1760,471,0,2023-07-23
1761,845,0,2023-03-02
1762,969,0,2024-08-25
1763,500,0,2024-11-20
1764,744,0,2024-03-05
1765,776,0,2023-01-16
1766,112,0,2023-03-20
1767,655,0,2024-04-22
1768,780,0,2024-07-31
1769,413,0,2024-12-07
1770,225,0,2023-01-19
1771,463,0,2023-10-19
1772,587,0,2023-10-10
1773,670,0,2023-10-05
1774,208,0,2024-01-01
1775,468,0,2024-05-01
1776,257,0,2023-07-22
1777,337,0,2023-10-14
1778,995,0,2024-07-16
1779,651,0,2023-11-05
1780,339,0,2024-02-01
1781,973,0,2024-03-31
1782,257,0,2024-07-31
1783,419,0,2023-11-07
1784,97,0,2024-04-24
1785,88,0,2024-06-02
1786,84,0,2024-04-22
1787,571,0,2024-05-02
1788,409,0,2024-11-17
1789,678,0,2024-02-12
1790,573,0,2024-03-31
1791,760,0,2024-04-25
1792,25,0,2023-06-25
1793,753,0,2023-02-12
1794,523,0,2023-05-12
1795,777,0,2023-09-30
1796,148,0,2023-03-14
1797,62,0,2023-01-23
1798,326,0,2024-05-13
1799,325,0,2023-08-03
1800,330,0,2023-01-10
1801,431,0,2023-02-24
1802,921,0,2023-04-26
1803,542,0,2024-02-09
1804,884,0,2023-08-17
1805,674,0,2023-08-22
1806,868,0,2023-08-25
1807,527,0,2024-01-06
1808,334,0,2023-07-21
1809,261,0,2024-03-22
1810,661,0,2024-11-15
1811,139,0,2024-10-03
1812,605,0,2023-07-18
1813,431,0,2023-11-16
1814,184,0,2024-05-15
1815,770,0,2023-01-24
1816,221,0,2024-06-22
1817,886,0,2023-02-22
1818,609,0,2024-01-04
1819,708,0,2023-01-22
1820,376,0,2024-12-23
1821,449,0,2024-11-20
1822,392,0,2023-01-22
1823,854,0,2023-09-09
1824,678,0,2024-08-28
1825,637,0,2024-05-09
1826,20,0,2023-10-14
1827,890,0,2024-05-14
1828,127,0,2023-01-29
1829,804,0,2023-12-08
1830,384,0,2023-05-17
1831,238,0,2023-02-07
1832,805,0,2023-05-28
1833,142,0,2024-09-11
1834,776,0,2023-11-09
1835,307,0,2024-06-24
1836,120,0,2023-06-07
1837,484,0,2023-06-02
1838,384,0,2023-08-17
1839,696,0,2024-07-12
1840,639,0,2023-05-05
1841,167,0,2023-02-07
1842,513,0,2023-12-29
1843,267,0,2024-02-16
1844,646,0,2023-04-08
1845,956,0,2023-07-20
1846,942,0,2024-08-23
1847,565,0,2024-04-17
1848,869,0,2024-10-01
1849,106,0,2023-03-15
1850,127,0,2023-08-14
1851,2,0,2024-08-21
1852,502,0,2024-06-25
1853,292,0,2023-11-19
1854,778,0,2023-12-30
1855,848,0,2023-06-26
1856,918,0,2024-05-14
1857,143,0,2024-11-26
1858,830,0,2023-01-15
1859,130,0,2023-06-19
1860,475,0,2023-01-14
1861,590,0,2024-03-29
1862,35,0,2024-09-27
1863,886,0,2023-02-03
1864,571,0,2023-01-08
1865,356,0,2023-03-17
1866,746,0,2024-11-21
1867,527,0,2024-10-08
1868,844,0,2023-08-15
1869,478,0,2024-10-19
1870,854,0,2023-04-12
1871,758,0,2023-07-16
1872,239,0,2023-09-18
1873,154,0,2023-10-03
1874,116,0,2023-03-30
1875,786,0,2023-04-02
1876,648,0,2024-10-25
1877,178,0,2023-03-09
1878,388,0,2024-08-18
1879,202,0,2023-02-16
1880,197,0,2023-10-07
1881,982,0,2024-06-17
1882,762,0,2023-05-04
1883,167,0,2024-03-17
1884,473,0,2023-01-30
1885,777,0,2024-05-04
1886,45,0,2024-05-14
1887,149,0,2023-06-16
1888,879,0,2023-12-04
1889,726,0,2024-11-15
1890,399,0,2024-12-10
1891,715,0,2023-09-30
1892,324,0,2023-11-30
1893,565,0,2023-10-07
1894,287,0,2024-11-06
1895,431,0,2023-11-24
1896,728,0,2024-02-09
1897,441,0,2023-03-19
1898,784,0,2024-03-25
1899,907,0,2024-08-11
1900,923,0,2023-12-07
1901,345,0,2024-12-18
1902,443,0,2024-07-25
1903,424,0,2023-11-16
1904,334,0,2024-02-17
1905,993,0,2024-03-15
1906,17,0,2023-12-13
1907,206,0,2023-09-29
1908,475,0,2024-07-10
1909,900,0,2024-02-10
1910,627,0,2023-04-03
1911,557,0,2023-11-14
1912,243,0,2024-03-02
1913,528,0,2023-04-08
1914,866,0,2024-02-19
1915,756,0,2023-06-15
1916,322,0,2024-12-23
1917,953,0,2023-08-26
1918,772,0,2024-08-10
1919,515,0,2024-02-05
1920,194,0,2023-07-10
1921,130,0,2024-10-29
1922,655,0,2023-07-15
1923,878,0,2024-07-23
1924,67,0,2024-08-25
1925,379,0,2024-02-22
1926,567,0,2024-03-06
1927,489,0,2023-06-01
1928,957,0,2023-11-16
1929,569,0,2024-04-18
1930,917,0,2024-04-15
1931,63,0,2023-02-23
1932,238,0,2024-08-08
1933,9,0,2024-06-29
1934,335,0,2024-02-05
1935,135,0,2023-10-07
1936,591,0,2024-01-01
1937,600,0,2024-11-09
1938,150,0,2023-07-25
1939,229,0,2024-07-20
1940,702,0,2024-08-11
1941,294,0,2023-05-07
1942,175,0,2023-11-19
1943,263,0,2023-04-10
1944,133,0,2023-03-23
1945,245,0,2023-01-30
1946,292,0,2024-10-05
1947,740,0,2023-03-07
1948,831,0,2023-11-23
1949,713,0,2024-05-30
1950,370,0,2023-04-18
1951,451,0,2023-03-02
1952,779,0,2023-12-16
1953,210,0,2024-01-20
1954,858,0,2024-11-29
1955,198,0,2023-10-03
1956,339,0,2024-05-10
1957,992,0,2023-01-28
1958,754,0,2023-01-07
1959,482,0,2024-12-31
1960,933,0,2024-06-06
1961,987,0,2024-12-08
1962,755,0,2024-05-11
1963,954,0,2024-08-07
1964,256,0,2023-01-12
1965,51,0,2023-02-28
1966,907,0,2024-12-15
1967,805,0,2024-05-03
1968,556,0,2023-03-15
1969,927,0,2023-08-17
1970,874,0,2024-02-07
1971,166,0,2024-10-31
1972,480,0,2024-04-05
1973,784,0,2023-09-06
1974,528,0,2024-05-12
1975,640,0,2024-07-22
1976,46,0,2024-03-20
1977,570,0,2023-09-09
1978,271,0,2023-05-06
1979,284,0,2023-10-25
1980,63,0,2024-01-22
1981,227,0,2024-06-13
1982,12,0,2023-06-03
1983,595,0,2023-07-14
1984,725,0,2024-05-08
1985,505,0,2023-01-18
1986,289,0,2024-02-14
1987,176,0,2023-10-27
1988,646,0,2023-12-17
1989,804,0,2024-03-11
1990,524,0,2024-09-14
1991,572,0,2023-01-02
1992,135,0,2023-06-28
1993,635,0,2024-08-14
1994,776,0,2023-10-30
1995,512,0,2023-11-16
1996,688,0,2024-03-16
1997,356,0,2024-08-11
1998,297,0,2024-06-30
1999,178,0,2024-08-14
2000,720,0,2024-04-16
2001,13,0,2024-10-17
2002,421,0,2024-04-11
2003,113,0,2024-07-23
2004,663,0,2024-09-20
2005,784,0,2023-07-29
2006,779,0,2024-07-30
2007,139,0,2024-11-24
2008,489,0,2024-04-17
2009,10,0,2024-01-03
2010,977,0,2024-05-07
2011,72,0,2024-09-20
2012,610,0,2024-10-09
2013,216,0,2024-07-01
2014,645,0,2023-10-10
2015,584,0,2023-07-03
2016,331,0,2023-11-11
2017,774,0,2024-10-20
2018,180,0,2023-08-31
2019,305,0,2023-05-20
2020,386,0,2024-11-21
2021,627,0,2024-12-20
2022,562,0,2023-05-07
2023,810,0,2024-07-20
2024,747,0,2023-01-19
2025,445,0,2024-05-30
2026,712,0,2023-07-16
2027,428,0,2024-05-11
2028,796,0,2023-08-20
2029,98,0,2023-12-18
2030,762,0,2023-12-09
2031,662,0,2024-06-07
2032,461,0,2023-04-22
2033,461,0,2024-12-22
2034,350,0,2023-05-27
2035,265,0,2023-05-19
2036,614,0,2023-10-12
2037,516,0,2024-11-01
2038,563,0,2024-08-03
2039,270,0,2024-12-03
2040,580,0,2024-12-19
2041,171,0,2024-11-21
2042,160,0,2023-11-11
2043,827,0,2024-01-01
2044,810,0,2023-05-01
2045,823,0,2023-07-07
2046,284,0,2023-02-15
2047,616,0,2024-08-28
2048,579,0,2024-05-21
2049,552,0,2024-07-09
2050,70,0,2023-04-02
2051,192,0,2023-10-09
2052,387,0,2023-11-11
2053,756,0,2023-09-04
2054,820,0,2024-05-26
2055,763,0,2023-11-03
2056,339,0,2024-08-25
2057,284,0,2024-04-30
2058,12,0,2023-03-28
2059,992,0,2023-06-26
2060,196,0,2023-10-30
2061,371,0,2023-11-08
2062,677,0,2024-04-01
2063,222,0,2024-11-25
2064,539,0,2024-04-07
2065,168,0,2023-12-25
2066,993,0,2023-11-28
2067,637,0,2024-11-17
2068,467,0,2023-09-17
2069,40,0,2023-07-26
2070,733,0,2024-08-21
2071,134,0,2023-06-23
2072,653,0,2023-05-01
2073,169,0,2024-03-16
2074,1000,0,2024-09-21
2075,749,0,2023-08-07
2076,711,0,2023-01-21
2077,785,0,2023-10-22
2078,635,0,2024-02-15
2079,678,0,2024-03-08
2080,137,0,2024-05-28
2081,224,0,2023-09-06
2082,926,0,2024-12-12
2083,201,0,2023-02-13
2084,909,0,2024-04-21
2085,290,0,2024-12-31
2086,533,0,2023-12-10
2087,996,0,2024-08-02
2088,142,0,2024-11-16
2089,841,0,2023-12-28
2090,410,0,2023-07-19
2091,713,0,2024-02-19
2092,438,0,2023-08-31
2093,143,0,2023-02-15
2094,165,0,2024-08-26
2095,399,0,2024-12-28
2096,826,0,2023-01-16
2097,446,0,2024-04-19
2098,447,0,2023-03-02
2099,467,0,2024-05-01
2100,313,0,2024-02-27
2101,528,0,2024-12-05
2102,972,0,2024-10-25
2103,356,0,2023-04-06
2104,211,0,2023-03-15
2105,672,0,2024-09-03
2106,293,0,2023-02-11
2107,965,0,2023-08-22
2108,310,0,2023-09-17
2109,226,0,2024-09-12
2110,585,0,2024-06-14
2111,94,0,2024-01-17
2112,256,0,2023-10-22
2113,705,0,2023-12-06
2114,991,0,2023-07-04
2115,144,0,2024-10-22
2116,293,0,2023-09-05
2117,178,0,2024-11-26
2118,995,0,2024-02-09
2119,286,0,2023-10-14
2120,340,0,2024-08-04
2121,926,0,2023-07-16
2122,907,0,2024-08-28
2123,573,0,2024-12-08
2124,3,0,2024-11-11
2125,980,0,2023-01-18
2126,886,0,2024-01-09
2127,938,0,2023-07-26
2128,472,0,2024-09-04
2129,934,0,2024-05-21
2130,789,0,2023-07-16
2131,852,0,2023-11-23
2132,770,0,2023-03-06
2133,577,0,2023-03-11
2134,452,0,2024-01-25
2135,602,0,2024-01-18
2136,746,0,2024-12-08
2137,184,0,2023-05-05
2138,918,0,2024-11-01
2139,868,0,2024-09-15
2140,619,0,2024-02-21
2141,728,0,2023-03-03
2142,445,0,2023-08-24
2143,183,0,2024-08-18
2144,1000,0,2023-09-25
2145,829,0,2023-04-20
2146,57,0,2024-01-23
2147,397,0,2024-12-17
2148,847,0,2024-10-30
2149,296,0,2024-07-24
2150,603,0,2023-05-16
2151,241,0,2023-09-09
2152,347,0,2023-08-11
2153,410,0,2024-11-25
2154,670,0,2023-02-05
2155,564,0,2024-09-04
2156,13,0,2024-01-05
2157,311,0,2023-10-08
2158,596,0,2024-12-25
2159,802,0,2024-09-24
2160,710,0,2024-04-08
2161,715,0,2023-04-03
2162,821,0,2024-01-27
2163,913,0,2023-10-04
2164,643,0,2023-10-31
2165,349,0,2024-12-23
2166,62,0,2023-06-04
2167,488,0,2024-11-24
2168,186,0,2024-05-18
2169,232,0,2024-01-14
2170,648,0,2023-06-08
2171,258,0,2024-08-13
2172,388,0,2024-11-07
2173,248,0,2023-12-27
2174,99,0,2024-09-04
2175,789,0,2024-04-07
2176,967,0,2024-08-27
2177,667,0,2024-04-16
2178,401,0,2024-08-07
2179,458,0,2023-08-20
2180,640,0,2024-11-26
2181,110,0,2023-03-24
2182,44,0,2024-09-26
2183,927,0,2024-03-12
2184,969,0,2023-10-05
2185,523,0,2023-05-24
2186,875,0,2023-08-26
2187,84,0,2024-09-30
2188,146,0,2024-06-22
2189,282,0,2023-12-12
2190,236,0,2024-10-23
2191,457,0,2023-11-06
2192,801,0,2024-04-05
2193,88,0,2023-09-05
2194,483,0,2024-02-09
2195,129,0,2024-02-25
2196,560,0,2023-12-28
2197,207,0,2024-06-19
2198,427,0,2024-04-20
2199,817,0,2024-11-24
2200,243,0,2024-01-16
2201,636,0,2024-07-07
2202,824,0,2023-02-12
2203,234,0,2023-06-20
2204,612,0,2024-09-17
2205,979,0,2024-09-15
2206,150,0,2024-11-10
2207,160,0,2023-07-04
2208,458,0,2024-03-15
2209,250,0,2024-12-30
2210,731,0,2024-10-17
2211,695,0,2024-01-26
2212,493,0,2023-02-28
2213,768,0,2024-08-23
2214,653,0,2024-12-09
2215,912,0,2023-04-06
2216,842,0,2024-06-07
2217,236,0,2023-11-19
2218,387,0,2024-12-01
2219,923,0,2023-08-19
2220,350,0,2023-08-20
2221,881,0,2024-03-19
2222,571,0,2024-06-07
2223,647,0,2023-08-29
2224,905,0,2023-07-18
2225,403,0,2023-11-19
2226,392,0,2023-03-22
2227,484,0,2024-12-16
2228,609,0,2023-01-27
2229,665,0,2023-06-23
2230,688,0,2023-04-06
2231,443,0,2023-02-06
2232,280,0,2024-10-03
2233,385,0,2024-11-21
2234,207,0,2023-07-11
2235,369,0,2024-07-23
2236,902,0,2024-03-24
2237,661,0,2023-11-19
2238,340,0,2023-03-26
2239,469,0,2023-05-26
2240,813,0,2024-07-25
2241,538,0,2023-05-16
2242,952,0,2024-01-19
2243,748,0,2023-12-01
2244,232,0,2023-11-28
2245,993,0,2024-10-04
2246,397,0,2023-03-12
2247,711,0,2024-09-18
2248,668,0,2023-06-22
2249,678,0,2024-09-29
2250,756,0,2023-11-23
2251,584,0,2024-09-08
2252,498,0,2024-04-12
2253,556,0,2024-09-17
2254,741,0,2024-02-02
2255,634,0,2024-01-11
2256,434,0,2023-11-23
2257,550,0,2024-02-25
2258,698,0,2023-05-10
2259,540,0,2023-09-29
2260,776,0,2023-05-05
2261,357,0,2023-11-12
2262,356,0,2024-01-28
2263,117,0,2024-04-21
2264,302,0,2024-05-27
2265,802,0,2023-02-20
2266,563,0,2024-08-29
2267,384,0,2023-09-22
2268,756,0,2023-06-24
2269,432,0,2023-11-21
2270,543,0,2024-08-20
2271,730,0,2023-01-05
2272,326,0,2023-04-27
2273,836,0,2023-07-24
2274,673,0,2024-12-05
2275,979,0,2023-06-06
2276,247,0,2024-05-12
2277,625,0,2023-02-07
2278,523,0,2024-04-09
2279,365,0,2024-09-10
2280,587,0,2024-08-26
2281,485,0,2023-06-08
2282,471,0,2024-02-20
2283,567,0,2024-09-27
2284,792,0,2024-03-26
2285,973,0,2024-03-04
2286,712,0,2023-10-20
2287,178,0,2024-03-13
2288,937,0,2023-10-14
2289,6,0,2023-08-29
2290,500,0,2024-08-13
2291,475,0,2024-11-15
2292,530,0,2023-07-09
2293,283,0,2023-03-11
2294,715,0,2024-11-20
2295,241,0,2023-09-06
2296,799,0,2023-01-23
2297,971,0,2023-07-01
2298,64,0,2023-06-16
2299,439,0,2023-02-26
2300,35,0,2023-10-17
2301,473,0,2023-06-08
2302,885,0,2024-12-25
2303,837,0,2024-12-09
2304,742,0,2023-05-28
2305,332,0,2024-01-30
2306,489,0,2023-04-28
2307,288,0,2024-05-15
2308,423,0,2023-10-25
2309,436,0,2023-02-16
2310,401,0,2024-10-03
2311,977,0,2023-08-12
2312,692,0,2023-02-23
2313,268,0,2023-01-20
2314,860,0,2023-08-13
2315,844,0,2023-03-17
2316,434,0,2023-07-28
2317,669,0,2024-09-15
2318,295,0,2024-02-17
2319,142,0,2023-05-31
2320,412,0,2023-12-05
2321,586,0,2024-05-21
2322,62,0,2024-12-03
2323,408,0,2024-02-18
2324,830,0,2023-08-22
2325,566,0,2024-01-25
2326,310,0,2023-07-24
2327,509,0,2023-11-03
2328,19,0,2023-03-07
2329,204,0,2024-12-29
2330,920,0,2023-08-24
2331,719,0,2024-10-08
2332,991,0,2023-12-18
2333,389,0,2023-04-18
2334,852,0,2023-02-28
2335,126,0,2024-02-27
2336,198,0,2023-09-30
2337,205,0,2024-02-08
2338,19,0,2024-03-04
2339,422,0,2024-10-05
2340,328,0,2023-05-17
2341,6,0,2024-09-06
2342,44,0,2024-10-21
2343,702,0,2024-07-01
2344,465,0,2024-07-25
2345,103,0,2023-07-30
2346,472,0,2023-11-07
2347,486,0,2023-07-14
2348,161,0,2023-11-22
2349,990,0,2024-03-05
2350,581,0,2023-04-23
2351,699,0,2023-09-15
2352,300,0,2024-09-04
2353,907,0,2023-11-26
2354,709,0,2023-09-14
2355,576,0,2024-05-18
2356,755,0,2024-09-07
2357,680,0,2023-09-11
2358,117,0,2023-12-19
2359,234,0,2024-09-26
2360,399,0,2024-09-15
2361,717,0,2023-12-14
2362,101,0,2023-10-19
2363,270,0,2023-07-24
2364,166,0,2023-07-01
2365,604,0,2023-03-16
2366,278,0,2023-01-16
2367,510,0,2023-05-19
2368,939,0,2024-02-14
2369,464,0,2024-02-09
2370,136,0,2023-08-11
2371,19,0,2023-12-04
2372,356,0,2024-09-22
2373,773,0,2024-03-19
2374,534,0,2024-10-30
2375,760,0,2023-06-11
2376,619,0,2024-11-08
2377,182,0,2023-03-17
2378,36,0,2024-01-19
2379,964,0,2024-01-03
2380,8,0,2024-10-01
2381,858,0,2024-05-28
2382,858,0,2023-11-30
2383,526,0,2024-02-12
2384,14,0,2023-01-22
2385,739,0,2024-10-25
2386,902,0,2023-06-02
2387,743,0,2023-09-05
2388,850,0,2024-10-08
2389,461,0,2023-09-25
2390,775,0,2024-04-05
2391,680,0,2023-07-06
2392,125,0,2023-02-14
2393,928,0,2023-04-20
2394,350,0,2024-05-10
2395,846,0,2024-10-11
2396,590,0,2023-07-14
2397,121,0,2023-05-24
2398,157,0,2024-02-09
2399,43,0,2023-12-02
2400,519,0,2024-06-27
2401,798,0,2024-03-28
2402,513,0,2023-11-24
2403,93,0,2024-06-12
2404,178,0,2024-12-02
2405,615,0,2024-04-11
2406,813,0,2024-10-24
2407,687,0,2024-02-13
2408,630,0,2023-01-11
2409,696,0,2024-12-10
2410,41,0,2024-07-11
2411,156,0,2023-12-15
2412,287,0,2023-04-12
2413,266,0,2023-05-20
2414,357,0,2024-12-06
2415,542,0,2023-05-12
2416,288,0,2024-04-13
2417,509,0,2024-01-26
2418,61,0,2023-05-05
2419,743,0,2023-05-07
2420,371,0,2024-11-28
2421,467,0,2024-02-06
2422,13,0,2024-01-26
2423,925,0,2023-07-26
2424,98,0,2024-09-10
2425,506,0,2024-05-04
2426,381,0,2023-08-31
2427,963,0,2024-03-07
2428,407,0,2023-08-26
2429,207,0,2024-05-22
2430,889,0,2023-01-30
2431,99,0,2024-08-01
2432,876,0,2023-09-14
2433,416,0,2023-10-18
2434,245,0,2024-05-08
2435,146,0,2023-12-24
2436,907,0,2023-09-19
2437,753,0,2024-09-01
2438,95,0,2024-03-29
2439,809,0,2024-11-05
2440,747,0,2024-06-21
2441,645,0,2023-06-14
2442,284,0,2023-12-01
2443,772,0,2024-04-27
2444,687,0,2023-09-08
2445,594,0,2024-12-22
2446,667,0,2024-06-06
2447,531,0,2023-09-07
2448,248,0,2024-09-17
2449,435,0,2023-11-06
2450,90,0,2023-06-25
2451,943,0,2024-08-29
2452,734,0,2024-09-26
2453,772,0,2023-08-23
2454,968,0,2023-08-25
2455,472,0,2024-12-20
2456,890,0,2023-06-12
2457,855,0,2024-02-05
2458,200,0,2024-06-06
2459,462,0,2024-02-03
2460,197,0,2024-10-08
2461,675,0,2023-04-11
2462,187,0,2024-05-30
2463,678,0,2024-11-15
2464,445,0,2023-05-18
2465,208,0,2024-04-28
2466,209,0,2024-07-16
2467,600,0,2023-05-09
2468,313,0,2024-08-04
2469,856,0,2024-12-24
2470,372,0,2024-04-23
2471,691,0,2024-08-17
2472,561,0,2023-07-21
2473,628,0,2024-03-06
2474,89,0,2024-02-20
2475,847,0,2024-03-28
2476,854,0,2024-08-08
2477,668,0,2023-02-05
2478,489,0,2023-04-05
2479,818,0,2023-02-22
2480,833,0,2024-09-03
2481,226,0,2023-11-08
2482,703,0,2023-07-12
2483,206,0,2023-10-22
2484,89,0,2024-04-24
2485,362,0,2024-12-01
2486,379,0,2023-07-14
2487,156,0,2023-12-17
2488,769,0,2024-06-07
2489,103,0,2023-02-03
2490,13,0,2023-02-25
2491,326,0,2024-03-03
2492,81,0,2023-05-05
2493,998,0,2023-02-27
2494,326,0,2024-12-01
2495,197,0,2023-03-17
2496,169,0,2024-12-04
2497,197,0,2023-02-17
2498,119,0,2023-10-03
2499,283,0,2023-01-22
2500,583,0,2023-04-13
2501,636,0,2023-04-20
2502,642,0,2024-11-22
2503,167,0,2024-01-03
2504,300,0,2024-08-06
2505,858,0,2023-05-03
2506,511,0,2024-06-26
2507,381,0,2023-12-30
2508,324,0,2023-10-19
2509,503,0,2024-08-12
2510,344,0,2024-03-04
2511,942,0,2023-02-07
2512,192,0,2024-01-09
2513,361,0,2023-09-19
2514,947,0,2024-11-02
2515,186,0,2023-09-17
2516,84,0,2024-08-22
2517,7,0,2023-05-27
2518,147,0,2024-01-12
2519,767,0,2024-12-23
2520,224,0,2024-02-08
2521,263,0,2024-05-16
2522,292,0,2023-01-04
2523,413,0,2024-03-27
2524,129,0,2024-10-15
2525,671,0,2024-05-07
2526,340,0,2024-07-19
2527,440,0,2024-03-24
2528,421,0,2024-01-16
2529,284,0,2023-12-21
2530,844,0,2023-06-07
2531,937,0,2023-09-04
2532,441,0,2023-07-14
2533,421,0,2023-11-21
2534,338,0,2024-03-08
2535,920,0,2023-11-14
2536,228,0,2023-04-13
2537,665,0,2024-07-01
2538,639,0,2023-01-30
2539,375,0,2024-04-17
2540,791,0,2023-02-17
2541,123,0,2023-06-10
2542,299,0,2024-03-15
2543,305,0,2023-11-29
2544,553,0,2024-12-17
2545,40,0,2024-09-22
2546,667,0,2023-10-05
2547,804,0,2024-07-15
2548,881,0,2023-06-08
2549,827,0,2023-11-23
2550,74,0,2023-01-31
2551,917,0,2024-08-24
2552,236,0,2024-05-31
2553,657,0,2023-09-07
2554,671,0,2024-07-19
2555,617,0,2023-04-13
2556,616,0,2023-08-12
2557,584,0,2024-08-19
2558,650,0,2024-11-24
2559,286,0,2024-07-28
2560,949,0,2024-02-08
2561,665,0,2023-02-01
2562,699,0,2023-04-19
2563,808,0,2023-02-28
2564,566,0,2023-12-24
2565,663,0,2024-11-12
2566,905,0,2023-03-31
2567,731,0,2023-11-04
2568,726,0,2024-05-12
2569,153,0,2023-02-18
2570,977,0,2024-04-01
2571,243,0,2023-02-27
2572,337,0,2024-04-09
2573,390,0,2023-01-23
2574,336,0,2024-10-31
2575,307,0,2023-10-23
2576,578,0,2024-07-10
2577,118,0,2024-10-31
2578,680,0,2024-05-06
2579,296,0,2024-03-08
2580,95,0,2023-08-23
2581,583,0,2023-08-14
2582,560,0,2024-05-08
2583,480,0,2023-10-22
2584,114,0,2023-07-04
2585,966,0,2024-04-04
2586,528,0,2024-11-16
2587,621,0,2023-04-15
2588,4,0,2023-02-18
2589,58,0,2023-03-01
2590,636,0,2024-12-10
2591,352,0,2024-05-25
2592,194,0,2023-01-15
2593,990,0,2024-02-27
2594,219,0,2023-04-05
2595,893,0,2023-02-23
2596,415,0,2023-12-18
2597,130,0,2024-09-07
2598,546,0,2024-05-04
2599,555,0,2024-05-12
2600,691,0,2023-06-27
2601,908,0,2023-11-26
2602,460,0,2024-09-25
2603,28,0,2024-01-06
2604,643,0,2023-12-22
2605,670,0,2024-10-10
2606,110,0,2023-07-07
2607,989,0,2024-10-21
2608,718,0,2023-05-21
2609,43,0,2023-07-26
2610,709,0,2023-12-24
2611,160,0,2023-08-06
2612,121,0,2023-07-10
2613,973,0,2023-09-28
2614,199,0,2023-06-20
2615,977,0,2024-04-26
2616,858,0,2024-05-15
2617,847,0,2023-05-28
2618,137,0,2023-07-27
2619,674,0,2023-08-23
2620,101,0,2024-04-12
2621,832,0,2023-06-12
2622,150,0,2024-06-30
2623,382,0,2023-05-02
2624,800,0,2023-03-21
2625,75,0,2023-07-29
2626,105,0,2024-07-11
2627,175,0,2024-12-21
2628,732,0,2024-08-28
2629,872,0,2023-01-01
2630,793,0,2023-10-31
2631,800,0,2024-12-31
2632,410,0,2024-07-22
2633,855,0,2024-03-26
2634,316,0,2024-09-02
2635,777,0,2023-09-03
2636,335,0,2023-05-09
2637,338,0,2024-07-08
2638,169,0,2024-08-13
2639,304,0,2023-01-04
2640,472,0,2024-08-21
2641,520,0,2024-04-28
2642,309,0,2024-04-17
2643,455,0,2023-03-05
2644,975,0,2024-02-24
2645,830,0,2023-01-26
2646,542,0,2023-02-18
2647,366,0,2023-08-08
2648,592,0,2024-04-14
2649,422,0,2024-03-05
2650,851,0,2023-02-11
2651,669,0,2024-12-31
2652,925,0,2023-03-13
2653,391,0,2023-01-22
2654,511,0,2024-08-15
2655,471,0,2024-08-18
2656,81,0,2024-09-21
2657,256,0,2024-07-29
2658,952,0,2024-03-06
2659,680,0,2024-12-05
2660,649,0,2024-02-26
2661,106,0,2024-05-20
2662,246,0,2023-05-31
2663,201,0,2024-07-18
2664,562,0,2024-04-12
2665,272,0,2024-02-28
2666,877,0,2023-07-22
2667,618,0,2023-06-19
2668,96,0,2024-02-19
2669,976,0,2023-04-11
2670,101,0,2024-08-04
2671,445,0,2023-05-08
2672,40,0,2024-08-07
2673,968,0,2024-07-20
2674,261,0,2023-06-05
2675,724,0,2024-08-24
2676,14,0,2024-05-28
2677,774,0,2024-10-15
2678,371,0,2023-10-21
2679,667,0,2023-09-06
2680,715,0,2023-04-27
2681,199,0,2024-12-11
2682,452,0,2023-09-07
2683,533,0,2024-02-19
2684,435,0,2023-12-26
2685,100,0,2023-11-18
2686,10,0,2023-09-17
2687,523,0,2023-01-07
2688,903,0,2024-03-06
2689,454,0,2023-05-23
2690,468,0,2023-11-26
2691,768,0,2023-10-11
2692,859,0,2024-10-10
2693,784,0,2024-12-06
2694,50,0,2023-10-09
2695,168,0,2023-05-13
2696,221,0,2023-02-13
2697,792,0,2024-06-19
2698,29,0,2024-04-26
2699,443,0,2024-04-29
2700,71,0,2023-01-14
2701,732,0,2024-04-20
2702,866,0,2024-03-15
2703,137,0,2024-12-19
2704,318,0,2024-10-27
2705,752,0,2023-01-31
2706,898,0,2023-12-15
2707,402,0,2024-06-14
2708,203,0,2024-01-01
2709,375,0,2023-09-15
2710,573,0,2023-01-25
2711,439,0,2023-12-17
2712,393,0,2023-11-03
2713,211,0,2024-03-27
2714,126,0,2024-08-28
2715,630,0,2023-11-01
2716,274,0,2023-07-20
2717,398,0,2024-11-02
2718,950,0,2024-07-15
2719,355,0,2023-11-10
2720,151,0,2024-06-26
2721,872,0,2024-07-02
2722,746,0,2024-03-16
2723,112,0,2023-02-25
2724,645,0,2024-08-02
2725,238,0,2024-06-29
2726,212,0,2024-06-09
2727,996,0,2024-01-28
2728,264,0,2024-07-04
2729,997,0,2023-04-21
2730,879,0,2024-11-24
2731,569,0,2024-02-13
2732,632,0,2023-01-16
2733,641,0,2023-05-31
2734,191,0,2023-02-02
2735,749,0,2023-10-07
2736,771,0,2023-06-19
2737,560,0,2024-11-28
2738,245,0,2023-01-26
2739,178,0,2023-03-18
2740,974,0,2023-08-19
2741,929,0,2024-02-28
2742,810,0,2023-06-26
2743,744,0,2024-11-04
2744,54,0,2023-02-25
2745,868,0,2023-01-11
2746,3,0,2024-03-17
2747,217,0,2024-10-17
2748,999,0,2023-05-20
2749,732,0,2024-03-24
2750,101,0,2023-10-04
2751,195,0,2024-12-03
2752,743,0,2024-09-28
2753,28,0,2024-05-20
2754,820,0,2024-01-24
2755,195,0,2023-12-14
2756,777,0,2024-05-13
2757,802,0,2023-06-13
2758,163,0,2023-11-07
2759,499,0,2024-07-08
2760,187,0,2024-12-29
2761,651,0,2023-05-22
2762,360,0,2023-03-28
2763,681,0,2024-01-18
2764,960,0,2023-01-28
2765,284,0,2024-09-16
2766,805,0,2024-01-25
2767,649,0,2023-06-15
2768,958,0,2023-02-19
2769,55,0,2024-09-12
2770,16,0,2023-06-26
2771,796,0,2023-10-26
2772,655,0,2023-06-30
2773,557,0,2024-02-18
2774,135,0,2023-12-18
2775,591,0,2024-01-14
2776,822,0,2023-05-01
2777,314,0,2024-06-26
2778,13,0,2023-11-14
2779,618,0,2024-09-10
2780,258,0,2023-09-05
2781,613,0,2024-06-14
2782,862,0,2024-03-19
2783,598,0,2023-11-10
2784,862,0,2024-03-28
2785,470,0,2023-06-05
2786,180,0,2024-04-13
2787,707,0,2024-10-29
2788,681,0,2023-03-11
2789,372,0,2023-01-28
2790,863,0,2024-10-05
2791,322,0,2023-10-17
2792,836,0,2024-06-11
2793,596,0,2024-06-25
2794,807,0,2024-10-01
2795,316,0,2023-06-19
2796,813,0,2024-08-04
2797,680,0,2023-07-22
2798,351,0,2023-08-11
2799,265,0,2024-03-27
2800,149,0,2024-05-18
2801,574,0,2023-02-03
2802,263,0,2024-06-24
2803,973,0,2023-07-28
2804,256,0,2023-12-25
2805,241,0,2024-08-12
2806,18,0,2024-12-15
2807,932,0,2024-03-06
2808,203,0,2024-05-19
2809,139,0,2023-09-28
2810,882,0,2023-10-17
2811,589,0,2023-10-02
2812,283,0,2024-06-12
2813,669,0,2024-07-28
2814,891,0,2023-04-03
2815,724,0,2023-10-25
2816,324,0,2024-11-23
2817,187,0,2024-09-23
2818,311,0,2024-01-28
2819,431,0,2023-06-21
2820,670,0,2024-04-16
2821,107,0,2024-08-24
2822,689,0,2024-02-20
2823,78,0,2023-06-22
2824,115,0,2023-05-17
2825,38,0,2024-07-07
2826,778,0,2023-01-11
2827,38,0,2023-07-14
2828,342,0,2023-11-18
2829,198,0,2024-04-08
2830,93,0,2023-05-23
2831,393,0,2024-10-16
2832,725,0,2024-02-17
2833,740,0,2023-11-06
2834,920,0,2024-01-05
2835,580,0,2023-12-16
2836,737,0,2023-05-05
2837,461,0,2023-01-13
2838,209,0,2024-11-19
2839,351,0,2023-05-16
2840,202,0,2023-09-25
2841,412,0,2023-11-01
2842,203,0,2024-12-19
2843,11,0,2023-01-23
2844,506,0,2023-09-01
2845,659,0,2023-10-10
2846,692,0,2024-01-11
2847,502,0,2024-12-31
2848,180,0,2023-02-04
2849,729,0,2023-09-17
2850,991,0,2023-02-27
2851,71,0,2024-05-25
2852,52,0,2024-05-15
2853,580,0,2023-07-05
2854,422,0,2024-01-19
2855,468,0,2023-04-18
2856,648,0,2024-07-21
2857,158,0,2024-06-16
2858,577,0,2023-03-13
2859,459,0,2023-09-20
2860,71,0,2023-04-05
2861,736,0,2024-09-15
2862,181,0,2023-10-27
2863,396,0,2023-04-15
2864,464,0,2023-06-16
2865,16,0,2023-01-30
2866,766,0,2023-10-01
2867,459,0,2023-03-09
2868,589,0,2024-02-04
2869,962,0,2024-05-22
2870,894,0,2024-05-01
2871,80,0,2023-01-19
2872,134,0,2024-06-09
2873,596,0,2024-01-02
2874,231,0,2023-12-09
2875,484,0,2023-08-07
2876,718,0,2024-02-13
2877,644,0,2024-03-16
2878,989,0,2024-09-05
2879,841,0,2023-05-14
2880,894,0,2024-01-13
2881,903,0,2024-01-27
2882,122,0,2023-06-23
2883,385,0,2023-07-18
2884,639,0,2024-11-30
2885,680,0,2023-08-04
2886,176,0,2023-06-11
2887,725,0,2023-12-23
2888,965,0,2023-11-23
2889,969,0,2024-07-23
2890,600,0,2024-10-13
2891,882,0,2024-05-03
2892,61,0,2024-06-29
2893,20,0,2023-05-02
2894,173,0,2024-07-02
2895,290,0,2023-11-05
2896,236,0,2024-11-05
2897,925,0,2024-08-21
2898,527,0,2023-02-03
2899,371,0,2023-09-19
2900,385,0,2023-03-28
2901,134,0,2023-12-17
2902,787,0,2023-07-13
2903,14,0,2024-02-25
2904,231,0,2024-07-22
2905,104,0,2024-06-12
2906,296,0,2023-10-30
2907,438,0,2024-11-23
2908,701,0,2023-03-04
2909,417,0,2023-01-22
2910,459,0,2024-12-30
2911,636,0,2023-09-21
2912,14,0,2023-11-22
2913,250,0,2024-12-11
2914,708,0,2023-07-05
2915,700,0,2024-02-29
2916,284,0,2023-02-26
2917,756,0,2023-09-03
2918,546,0,2024-05-27
2919,854,0,2023-02-01
2920,121,0,2024-04-08
2921,11,0,2024-04-01
2922,187,0,2023-10-05
2923,659,0,2023-02-20
2924,896,0,2024-07-25
2925,566,0,2024-01-06
2926,202,0,2024-07-31
2927,594,0,2024-09-10
2928,658,0,2023-07-28
2929,836,0,2024-12-21
2930,976,0,2024-04-30
2931,34,0,2023-07-24
2932,916,0,2024-10-18
2933,209,0,2024-12-04
2934,655,0,2024-03-15
2935,967,0,2023-11-29
2936,28,0,2024-09-21
2937,826,0,2023-04-23
2938,543,0,2024-09-14
2939,209,0,2024-06-03
2940,817,0,2023-07-14
2941,50,0,2024-09-10
2942,233,0,2024-10-01
2943,803,0,2024-10-02
2944,958,0,2024-10-17
2945,928,0,2024-04-22
2946,720,0,2024-01-02
2947,917,0,2024-02-28
2948,30,0,2023-08-20
2949,577,0,2023-07-09
2950,250,0,2024-02-29
2951,325,0,2024-07-06
2952,730,0,2024-12-08
2953,562,0,2024-11-18
2954,222,0,2023-10-03
2955,291,0,2023-04-13
2956,735,0,2023-10-15
2957,733,0,2023-08-08
2958,162,0,2024-03-20
2959,534,0,2023-07-05
2960,846,0,2024-01-21
2961,992,0,2023-05-22
2962,597,0,2023-06-09
2963,601,0,2024-08-01
2964,798,0,2023-03-02
2965,733,0,2023-04-13
2966,137,0,2024-07-08
2967,858,0,2024-03-28
2968,416,0,2024-08-08
2969,706,0,2024-01-15
2970,770,0,2024-12-15
2971,720,0,2023-02-26
2972,962,0,2023-06-15
2973,757,0,2023-10-28
2974,732,0,2024-07-18
2975,550,0,2024-09-14
2976,411,0,2024-01-20
2977,683,0,2023-06-04
2978,196,0,2023-08-24
2979,807,0,2023-09-04
2980,270,0,2023-03-08
2981,145,0,2023-02-12
2982,905,0,2024-12-09
2983,393,0,2024-07-30
2984,939,0,2024-04-18
2985,161,0,2023-05-21
2986,506,0,2024-12-26
2987,381,0,2024-05-26
2988,574,0,2024-04-16
2989,255,0,2024-07-20
2990,425,0,2023-08-15
2991,154,0,2024-02-28
2992,99,0,2023-07-22
2993,700,0,2023-12-30
2994,736,0,2023-07-31
2995,730,0,2024-12-08
2996,697,0,2023-02-08
2997,94,0,2023-04-18
2998,208,0,2024-05-14
2999,283,0,2023-07-25
3000,207,0,2023-03-27
3001,637,0,2023-04-30
3002,223,0,2023-10-11
3003,836,0,2024-09-28
3004,20,0,2023-08-25
3005,329,0,2024-07-16
3006,258,0,2023-09-28
3007,820,0,2024-08-13
3008,552,0,2024-11-11
3009,575,0,2024-12-03
3010,28,0,2023-09-21
3011,991,0,2024-04-29
3012,564,0,2024-08-09
3013,741,0,2024-12-01
3014,780,0,2023-05-04
3015,705,0,2023-01-25
3016,665,0,2023-10-28
3017,771,0,2024-07-08
3018,874,0,2023-06-10
3019,202,0,2023-09-26
3020,932,0,2024-04-06
3021,18,0,2023-01-07
3022,615,0,2024-07-03
3023,445,0,2024-04-15
3024,149,0,2024-06-23
3025,583,0,2023-04-29
3026,36,0,2024-01-01
3027,715,0,2023-05-11
3028,664,0,2024-02-07
3029,460,0,2024-06-18
3030,817,0,2024-11-04
3031,701,0,2023-04-08
3032,519,0,2023-03-10
3033,711,0,2023-04-13
3034,344,0,2023-08-28
3035,319,0,2023-06-07
3036,595,0,2023-11-28
3037,131,0,2024-12-07
3038,614,0,2024-10-19
3039,318,0,2024-07-27
3040,504,0,2024-04-02
3041,723,0,2023-07-29
3042,560,0,2023-05-13
3043,940,0,2024-07-16
3044,855,0,2023-02-23
3045,705,0,2024-03-23
3046,679,0,2024-07-16
3047,731,0,2023-06-14
3048,426,0,2023-07-13
3049,801,0,2023-06-27
3050,918,0,2024-01-25
3051,463,0,2023-08-24
3052,843,0,2024-02-10
3053,172,0,2024-03-26
3054,225,0,2024-05-09
3055,830,0,2024-08-08
3056,119,0,2024-01-22
3057,838,0,2023-07-04
3058,121,0,2024-07-26
3059,236,0,2023-07-26
3060,301,0,2024-10-04
3061,39,0,2024-03-24
3062,441,0,2023-05-27
3063,240,0,2024-09-19
3064,661,0,2024-03-20
3065,8,0,2023-03-08
3066,242,0,2023-05-21
3067,678,0,2024-12-07
3068,132,0,2023-10-09
3069,208,0,2024-09-13
3070,375,0,2023-10-08
3071,639,0,2023-04-27
3072,853,0,2023-04-27
3073,914,0,2023-07-17
3074,170,0,2023-02-19
3075,317,0,2023-07-08
3076,86,0,2024-05-28
3077,704,0,2024-02-24
3078,675,0,2024-02-08
3079,80,0,2024-10-24
3080,767,0,2024-08-14
3081,582,0,2024-07-09
3082,902,0,2024-03-10
3083,910,0,2023-06-13
3084,959,0,2023-03-07
3085,13,0,2024-08-16
3086,820,0,2023-05-11
3087,345,0,2024-01-14
3088,367,0,2024-10-29
3089,497,0,2023-08-17
3090,951,0,2023-02-19
3091,633,0,2023-07-18
3092,47,0,2023-08-16
3093,890,0,2024-05-08
3094,900,0,2024-12-13
3095,637,0,2023-04-25
3096,473,0,2024-04-25
3097,271,0,2024-06-12
3098,50,0,2023-03-25
3099,713,0,2023-09-27
3100,411,0,2024-05-10
3101,623,0,2023-11-23
3102,898,0,2024-04-27
3103,680,0,2023-06-10
3104,576,0,2023-02-25
3105,597,0,2024-01-25
3106,227,0,2024-01-04
3107,931,0,2023-12-21
3108,552,0,2023-11-30
3109,759,0,2023-05-07
3110,124,0,2024-10-20
3111,15,0,2023-03-21
3112,678,0,2024-12-13
3113,352,0,2023-08-16
3114,247,0,2024-05-22
3115,555,0,2023-09-19
3116,373,0,2023-03-05
3117,867,0,2023-04-07
3118,500,0,2024-02-19
3119,759,0,2023-07-25
3120,304,0,2023-07-30
3121,477,0,2023-10-31
3122,514,0,2024-01-29
3123,98,0,2024-12-30
3124,255,0,2023-08-23
3125,9,0,2024-10-25
3126,772,0,2024-07-06
3127,457,0,2024-09-20
3128,824,0,2023-01-03
3129,931,0,2023-11-09
3130,526,0,2023-02-13
3131,701,0,2024-10-26
3132,631,0,2024-10-17
3133,973,0,2023-12-14
3134,100,0,2023-02-15
3135,687,0,2023-10-02
3136,282,0,2023-04-28
3137,285,0,2024-09-25
3138,721,0,2024-09-27
3139,585,0,2023-04-26
3140,441,0,2024-06-01
3141,179,0,2024-03-11
3142,721,0,2023-09-16
3143,722,0,2024-08-29
3144,811,0,2023-04-08
3145,158,0,2024-04-23
3146,488,0,2023-03-29
3147,576,0,2024-01-14
3148,687,0,2023-06-15
3149,643,0,2023-12-12
3150,441,0,2024-06-25
3151,713,0,2024-07-25
3152,32,0,2024-12-19
3153,125,0,2023-01-25
3154,935,0,2024-10-08
3155,158,0,2023-10-29
3156,345,0,2023-12-30
3157,547,0,2023-04-04
3158,551,0,2023-03-19
3159,928,0,2024-08-13
3160,421,0,2023-04-15
3161,845,0,2024-12-11
3162,612,0,2024-11-25
3163,793,0,2024-06-18
3164,516,0,2023-12-12
3165,658,0,2023-10-11
3166,105,0,2023-11-26
3167,443,0,2023-08-30
3168,992,0,2023-12-02
3169,824,0,2023-01-05
3170,754,0,2024-12-02
3171,240,0,2024-01-31
3172,178,0,2024-02-13
3173,48,0,2023-06-27
3174,390,0,2024-02-02
3175,455,0,2024-04-14
3176,657,0,2023-04-14
3177,142,0,2023-09-25
3178,395,0,2023-04-30
3179,315,0,2024-04-21
3180,609,0,2023-06-14
3181,373,0,2023-06-15
3182,734,0,2023-10-31
3183,864,0,2023-01-02
3184,675,0,2024-03-08
3185,412,0,2024-02-26
3186,949,0,2024-02-27
3187,397,0,2024-07-29
3188,743,0,2023-04-21
3189,701,0,2023-02-09
3190,831,0,2023-10-28
3191,629,0,2024-09-11
3192,611,0,2023-06-14
3193,816,0,2023-09-25
3194,694,0,2023-04-30
3195,453,0,2023-04-09
3196,235,0,2023-05-12
3197,748,0,2023-06-21
3198,377,0,2024-05-18
3199,437,0,2023-09-23
3200,467,0,2023-08-11
3201,8,0,2023-10-24
3202,283,0,2023-01-18
3203,825,0,2024-03-24
3204,213,0,2024-07-30
3205,323,0,2024-11-03
3206,848,0,2024-10-11
3207,126,0,2024-12-17
3208,656,0,2023-01-21
3209,135,0,2023-12-15
3210,23,0,2024-10-15
3211,515,0,2024-01-14
3212,79,0,2024-01-12
3213,730,0,2024-10-27
3214,815,0,2023-03-23
3215,486,0,2023-06-02
3216,220,0,2024-07-04
3217,604,0,2024-08-03
3218,171,0,2024-07-06
3219,848,0,2024-10-07
3220,659,0,2023-07-17
3221,269,0,2024-01-06
3222,531,0,2024-05-12
3223,366,0,2024-01-27
3224,150,0,2023-10-23
3225,974,0,2024-08-27
3226,894,0,2024-02-28
3227,258,0,2024-01-29
3228,249,0,2024-11-25
3229,587,0,2024-03-20
3230,823,0,2024-09-13
3231,12,0,2024-01-30
3232,311,0,2024-11-05
3233,102,0,2024-12-02
3234,81,0,2024-11-22
3235,596,0,2024-09-09
3236,158,0,2023-01-10
3237,351,0,2024-06-13
3238,590,0,2024-09-13
3239,857,0,2023-09-09
3240,52,0,2024-03-01
3241,784,0,2023-04-14
3242,966,0,2024-12-31
3243,307,0,2023-02-17
3244,435,0,2023-05-25
3245,700,0,2023-01-26
3246,859,0,2023-02-27
3247,301,0,2023-07-30
3248,92,0,2023-03-31
3249,42,0,2024-03-14
3250,799,0,2023-06-29
3251,600,0,2023-05-31
3252,256,0,2024-12-02
3253,849,0,2024-12-28
3254,481,0,2023-02-24
3255,307,0,2024-09-30
3256,874,0,2024-04-17
3257,74,0,2023-06-27
3258,679,0,2024-06-08
3259,486,0,2024-01-19
3260,7,0,2024-08-07
3261,375,0,2023-01-25
3262,439,0,2024-01-31
3263,868,0,2023-12-31
3264,692,0,2024-01-15
3265,617,0,2023-01-08
3266,914,0,2023-05-05
3267,224,0,2023-11-15
3268,692,0,2024-07-01
3269,709,0,2023-06-30
3270,509,0,2024-01-18
3271,356,0,2023-09-15
3272,172,0,2024-11-03
3273,296,0,2024-05-29
3274,812,0,2023-07-26
3275,388,0,2024-11-27
3276,966,0,2024-11-07
3277,206,0,2024-08-25
3278,651,0,2024-06-02
3279,575,0,2024-05-20
3280,943,0,2023-12-12
3281,353,0,2023-12-23
3282,975,0,2023-01-04
3283,576,0,2024-11-29
3284,59,0,2023-01-01
3285,831,0,2024-05-22
3286,177,0,2023-05-18
3287,115,0,2024-04-26
3288,586,0,2023-04-06
3289,965,0,2023-03-28
3290,261,0,2023-02-13
3291,521,0,2023-01-04
3292,332,0,2023-01-18
3293,559,0,2024-01-31
3294,292,0,2024-10-05
3295,374,0,2023-09-04
3296,171,0,2023-02-10
3297,396,0,2024-07-15
3298,187,0,2023-04-08
3299,495,0,2024-08-31
3300,638,0,2024-03-04
3301,437,0,2023-04-27
3302,645,0,2023-06-18
3303,514,0,2023-05-03
3304,570,0,2024-01-27
3305,449,0,2024-11-22
3306,304,0,2023-09-28
3307,105,0,2024-09-09
3308,590,0,2024-03-22
3309,821,0,2023-04-09
3310,819,0,2024-08-21
3311,364,0,2024-04-23
3312,558,0,2024-05-08
3313,403,0,2024-03-08
3314,202,0,2023-03-25
3315,285,0,2023-02-24
3316,569,0,2023-07-16
3317,614,0,2024-11-16
3318,821,0,2023-11-02
3319,196,0,2023-10-21
3320,882,0,2023-11-08
3321,491,0,2023-01-19
3322,160,0,2023-12-18
3323,310,0,2023-02-21
3324,140,0,2023-01-14
3325,256,0,2023-09-24
3326,936,0,2024-04-27
3327,824,0,2023-05-27
3328,731,0,2024-03-07
3329,111,0,2024-11-11
3330,246,0,2023-03-03
3331,48,0,2023-02-12
3332,579,0,2023-11-18
3333,113,0,2023-12-27
3334,840,0,2023-06-29
3335,645,0,2024-09-14
3336,237,0,2023-01-11
3337,86,0,2023-10-30
3338,486,0,2023-01-20
3339,164,0,2023-06-12
3340,960,0,2024-10-28
3341,784,0,2023-07-27
3342,436,0,2024-04-05
3343,73,0,2023-07-31
3344,265,0,2024-09-23
3345,701,0,2024-12-22
3346,961,0,2023-02-24
3347,842,0,2024-07-24
3348,742,0,2023-06-10
3349,313,0,2024-07-17
3350,6,0,2024-10-27
3351,627,0,2023-01-29
3352,693,0,2024-11-22
3353,110,0,2024-06-26
3354,786,0,2024-06-05
3355,447,0,2024-04-03
3356,179,0,2023-03-09
3357,479,0,2024-11-18
3358,850,0,2024-04-04
3359,406,0,2024-02-14
3360,328,0,2023-01-08
3361,522,0,2023-10-18
3362,815,0,2024-06-07
3363,328,0,2024-12-29
3364,351,0,2024-07-17
3365,338,0,2023-12-22
3366,383,0,2024-08-22
3367,173,0,2024-05-19
3368,779,0,2023-05-06
3369,472,0,2023-11-01
3370,516,0,2024-03-17
3371,444,0,2024-10-14
3372,674,0,2023-10-01
3373,869,0,2023-02-08
3374,102,0,2024-08-19
3375,45,0,2023-02-21
3376,862,0,2024-08-08
3377,679,0,2023-10-31
3378,256,0,2023-01-09
3379,439,0,2023-02-05
3380,585,0,2023-10-09
3381,725,0,2023-11-11
3382,988,0,2024-07-29
3383,931,0,2023-10-17
3384,348,0,2024-03-11
3385,619,0,2023-05-19
3386,90,0,2024-09-28
3387,18,0,2024-07-11
3388,60,0,2024-11-20
3389,127,0,2023-04-11
3390,175,0,2024-01-14
3391,757,0,2024-05-04
3392,13,0,2023-01-11
3393,358,0,2024-01-25
3394,231,0,2023-09-05
3395,9,0,2023-12-30
3396,827,0,2023-03-29
3397,609,0,2023-08-28
3398,342,0,2023-05-24
3399,276,0,2024-06-03
3400,885,0,2024-05-09
3401,727,0,2024-12-13
3402,472,0,2023-12-26
3403,659,0,2024-12-11
3404,420,0,2023-04-29
3405,165,0,2024-08-31
3406,99,0,2023-04-04
3407,906,0,2024-03-12
3408,358,0,2024-01-05
3409,650,0,2023-06-17
3410,551,0,2024-06-27
3411,448,0,2023-12-01
3412,773,0,2023-01-23
3413,130,0,2024-10-01
3414,801,0,2024-07-11
3415,682,0,2023-08-10
3416,10,0,2024-03-21
3417,108,0,2023-10-18
3418,140,0,2024-08-26
3419,833,0,2024-06-19
3420,445,0,2024-11-01
3421,374,0,2023-02-15
3422,640,0,2023-10-10
3423,13,0,2024-01-07
3424,239,0,2024-06-17
3425,221,0,2023-07-06
3426,743,0,2024-12-18
3427,328,0,2023-06-28
3428,129,0,2023-01-23
3429,977,0,2024-02-12
3430,108,0,2023-09-25
3431,110,0,2024-10-17
3432,677,0,2024-02-03
3433,314,0,2024-02-25
3434,983,0,2024-03-22
3435,19,0,2024-04-27
3436,249,0,2023-09-25
3437,88,0,2023-07-29
3438,466,0,2023-05-07
3439,805,0,2024-11-11
3440,813,0,2023-06-20
3441,780,0,2023-04-03
3442,714,0,2023-08-10
3443,110,0,2024-09-12
3444,929,0,2024-05-08
3445,489,0,2024-06-06
3446,423,0,2023-05-13
3447,167,0,2023-04-05
3448,472,0,2024-05-01
3449,543,0,2024-03-10
3450,654,0,2023-08-03
3451,966,0,2023-07-07
3452,57,0,2023-04-13
3453,522,0,2023-02-08
3454,90,0,2023-04-27
3455,834,0,2023-06-03
3456,492,0,2024-09-13
3457,299,0,2023-08-06
3458,206,0,2023-12-17
3459,640,0,2023-07-10
3460,180,0,2023-12-14
3461,334,0,2023-07-30
3462,704,0,2023-02-19
3463,797,0,2024-06-15
3464,136,0,2023-09-29
3465,592,0,2024-07-31
3466,319,0,2023-03-07
3467,340,0,2023-09-10
3468,668,0,2024-02-28
3469,46,0,2023-06-04
3470,444,0,2023-08-19
3471,619,0,2023-05-06
3472,352,0,2023-04-10
3473,825,0,2024-07-27
3474,888,0,2024-02-16
3475,943,0,2024-09-20
3476,477,0,2023-04-24
3477,302,0,2024-11-27
3478,708,0,2024-12-11
3479,946,0,2024-02-15
3480,515,0,2023-09-27
3481,987,0,2023-04-27
3482,916,0,2024-04-16
3483,726,0,2023-07-14
3484,85,0,2023-12-09
3485,261,0,2024-07-16
3486,792,0,2023-11-09
3487,824,0,2023-05-06
3488,195,0,2023-09-15
3489,679,0,2024-11-05
3490,601,0,2023-05-11
3491,937,0,2023-03-03
3492,229,0,2023-06-24
3493,694,0,2024-05-11
3494,952,0,2024-05-03
3495,191,0,2024-02-24
3496,615,0,2023-07-25
3497,7,0,2023-02-11
3498,965,0,2023-08-05
3499,328,0,2023-06-25
3500,386,0,2024-08-19
3501,846,0,2024-09-10
3502,547,0,2023-05-18
3503,604,0,2023-06-27
3504,141,0,2023-02-01
3505,191,0,2023-04-06
3506,291,0,2024-06-22
3507,407,0,2024-05-30
3508,632,0,2024-01-10
3509,870,0,2024-09-28
3510,77,0,2023-11-19
3511,468,0,2023-01-26
3512,476,0,2024-06-24
3513,111,0,2023-08-05
3514,469,0,2024-07-07
3515,576,0,2023-05-04
3516,33,0,2023-05-12
3517,831,0,2023-04-03
3518,712,0,2024-07-28
3519,886,0,2024-04-18
3520,436,0,2024-05-27
3521,145,0,2024-07-15
3522,503,0,2024-04-24
3523,445,0,2024-11-17
3524,196,0,2023-12-26
3525,448,0,2023-04-03
3526,324,0,2023-09-26
3527,439,0,2023-04-28
3528,290,0,2024-03-25
3529,238,0,2024-11-01
3530,501,0,2023-07-26
3531,645,0,2023-09-03
3532,947,0,2023-10-09
3533,313,0,2023-02-01
3534,544,0,2024-06-12
3535,108,0,2023-07-09
3536,232,0,2024-12-22
3537,664,0,2023-11-29
3538,155,0,2024-05-29
3539,862,0,2024-11-08
3540,884,0,2024-11-01
3541,171,0,2024-02-12
3542,840,0,2023-07-02
3543,464,0,2023-05-10
3544,590,0,2023-11-07
3545,457,0,2023-10-07
3546,676,0,2024-06-05
3547,774,0,2023-02-16
3548,52,0,2024-12-25
3549,266,0,2024-07-21
3550,567,0,2023-07-23
3551,24,0,2023-08-21
3552,688,0,2024-10-18
3553,993,0,2023-09-26
3554,736,0,2024-06-28
3555,941,0,2024-01-19
3556,412,0,2024-12-17
3557,732,0,2023-02-14
3558,946,0,2024-07-26
3559,498,0,2024-07-31
3560,949,0,2023-11-01
3561,753,0,2024-12-20
3562,137,0,2024-01-19
3563,48,0,2024-08-13
3564,465,0,2023-05-18
3565,493,0,2023-09-19
3566,705,0,2023-09-27
3567,275,0,2024-10-17
3568,625,0,2024-10-01
3569,381,0,2023-01-14
3570,644,0,2023-05-14
3571,109,0,2023-04-09
3572,285,0,2023-12-21
3573,29,0,2023-03-15
3574,860,0,2023-04-27
3575,32,0,2023-04-07
3576,639,0,2024-01-14
3577,44,0,2023-10-08
3578,351,0,2023-10-07
3579,62,0,2023-09-28
3580,761,0,2023-03-14
3581,436,0,2024-04-15
3582,562,0,2023-02-02
3583,928,0,2024-02-20
3584,91,0,2024-11-04
3585,23,0,2023-05-01
3586,505,0,2024-02-25
3587,59,0,2024-05-05
3588,919,0,2023-03-28
3589,419,0,2024-02-22
3590,602,0,2023-05-14
3591,701,0,2024-10-21
3592,446,0,2024-05-30
3593,190,0,2024-07-03
3594,291,0,2024-09-27
3595,969,0,2023-06-02
3596,77,0,2024-10-21
3597,12,0,2024-10-08
3598,848,0,2024-12-27
3599,930,0,2024-01-29
3600,642,0,2024-12-12
3601,262,0,2024-11-13
3602,753,0,2023-03-03
3603,590,0,2023-06-14
3604,834,0,2024-11-20
3605,715,0,2024-07-10
3606,505,0,2024-12-16
3607,976,0,2023-10-10
3608,336,0,2023-05-20
3609,525,0,2023-06-24
3610,185,0,2023-07-24
3611,897,0,2023-03-19
3612,738,0,2023-01-21
3613,600,0,2024-05-05
3614,806,0,2024-11-19
3615,381,0,2023-12-05
3616,583,0,2023-07-19
3617,361,0,2023-10-22
3618,99,0,2023-03-16
3619,981,0,2023-08-03
3620,718,0,2024-01-02
3621,87,0,2024-08-21
3622,82,0,2023-10-31
3623,446,0,2023-09-09
3624,856,0,2024-04-11
3625,760,0,2024-12-20
3626,508,0,2023-03-10
3627,44,0,2024-03-21
3628,651,0,2024-01-02
3629,411,0,2024-08-23
3630,886,0,2024-12-29
3631,930,0,2023-03-16
3632,149,0,2023-05-23
3633,138,0,2023-02-03
3634,378,0,2023-09-22
3635,284,0,2024-11-29
3636,854,0,2023-08-02
3637,138,0,2023-07-02
3638,460,0,2023-03-26
3639,614,0,2023-04-19
3640,519,0,2024-11-06
3641,507,0,2023-09-19
3642,584,0,2023-12-03
3643,259,0,2024-07-04
3644,69,0,2024-10-09
3645,104,0,2024-04-21
3646,510,0,2024-04-03
3647,394,0,2023-06-10
3648,565,0,2023-08-14
3649,804,0,2024-04-19
3650,938,0,2024-11-14
3651,707,0,2024-06-06
3652,375,0,2024-04-25
3653,355,0,2023-09-19
3654,881,0,2024-02-22
3655,40,0,2023-07-03
3656,415,0,2023-11-14
3657,716,0,2024-05-26
3658,788,0,2023-05-24
3659,844,0,2023-09-27
3660,702,0,2023-03-24
3661,685,0,2024-06-03
3662,308,0,2023-09-12
3663,617,0,2024-01-11
3664,116,0,2024-03-21
3665,149,0,2023-02-13
3666,830,0,2023-07-12
3667,402,0,2023-04-25
3668,5,0,2023-11-14
3669,6,0,2024-12-23
3670,749,0,2024-01-09
3671,612,0,2024-04-05
3672,131,0,2023-10-01
3673,17,0,2024-02-18
3674,340,0,2024-10-12
3675,853,0,2023-02-26
3676,362,0,2024-03-23
3677,55,0,2024-11-19
3678,856,0,2023-07-25
3679,890,0,2024-12-21
3680,176,0,2023-07-05
3681,886,0,2024-06-25
3682,585,0,2023-02-10
3683,315,0,2024-04-21
3684,256,0,2023-10-14
3685,229,0,2024-04-16
3686,236,0,2024-04-22
3687,44,0,2023-11-29
3688,221,0,2024-03-21
3689,790,0,2023-04-26
3690,761,0,2024-01-04
3691,257,0,2024-04-25
3692,723,0,2024-10-06
3693,379,0,2023-08-23
3694,242,0,2023-02-10
3695,870,0,2023-10-04
3696,3,0,2024-05-15
3697,532,0,2024-01-20
3698,385,0,2023-09-03
3699,998,0,2023-03-09
3700,5,0,2023-01-04
3701,137,0,2024-11-10
3702,548,0,2024-04-05
3703,862,0,2024-02-01
3704,485,0,2024-04-26
3705,301,0,2024-03-21
3706,827,0,2023-08-22
3707,693,0,2023-02-15
3708,42,0,2024-06-05
3709,180,0,2024-09-03
3710,995,0,2023-08-07
3711,820,0,2024-12-16
3712,92,0,2024-04-23
3713,287,0,2024-01-23
3714,130,0,2024-01-05
3715,924,0,2024-04-07
3716,775,0,2024-07-18
3717,97,0,2023-04-17
3718,574,0,2023-10-02
3719,111,0,2024-05-24
3720,146,0,2023-07-26
3721,114,0,2023-12-19
3722,687,0,2024-08-11
3723,854,0,2023-10-24
3724,904,0,2023-08-03
3725,15,0,2024-01-14
3726,905,0,2024-02-06
3727,808,0,2024-10-17
3728,974,0,2024-02-10
3729,469,0,2023-02-01
3730,507,0,2024-01-02
3731,342,0,2023-11-22
3732,265,0,2024-07-12
3733,752,0,2024-02-20
3734,612,0,2023-10-09
3735,798,0,2023-12-21
3736,528,0,2023-01-18
3737,421,0,2023-11-15
3738,590,0,2024-11-20
3739,263,0,2023-05-09
3740,863,0,2024-05-18
3741,873,0,2023-01-11
3742,30,0,2023-07-20
3743,939,0,2023-06-09
3744,406,0,2023-08-29
3745,548,0,2023-06-22
3746,539,0,2024-03-12
3747,160,0,2024-11-05
3748,255,0,2023-06-27
3749,102,0,2023-12-30
3750,613,0,2023-10-13
3751,143,0,2023-09-09
3752,904,0,2024-06-27
3753,743,0,2024-04-03
3754,85,0,2024-05-05
3755,849,0,2023-08-14
3756,456,0,2024-01-05
3757,97,0,2023-06-26
3758,230,0,2023-06-15
3759,906,0,2024-07-14
3760,262,0,2024-02-15
3761,645,0,2023-12-29
3762,212,0,2023-07-04
3763,604,0,2023-12-21
3764,696,0,2023-04-10
3765,491,0,2024-08-31
3766,399,0,2023-08-03
3767,553,0,2024-12-14
3768,351,0,2024-07-20
3769,836,0,2023-08-05
3770,60,0,2024-04-11
3771,621,0,2023-05-08
3772,174,0,2023-01-03
3773,438,0,2023-11-27
3774,312,0,2024-08-10
3775,605,0,2024-01-02
3776,518,0,2024-04-13
3777,847,0,2023-01-11
3778,146,0,2023-01-14
3779,537,0,2023-02-12
3780,3,0,2023-10-29
3781,882,0,2024-11-24
3782,567,0,2023-09-02
3783,621,0,2024-01-03
3784,764,0,2023-03-18
3785,859,0,2024-07-09
3786,464,0,2024-08-01
3787,559,0,2024-08-19
3788,279,0,2024-02-27
3789,876,0,2024-07-16
3790,476,0,2024-08-16
3791,931,0,2024-02-03
3792,506,0,2024-09-21
3793,573,0,2024-04-21
3794,817,0,2023-02-22
3795,632,0,2024-08-31
3796,859,0,2023-11-21
3797,331,0,2024-01-11
3798,129,0,2023-05-01
3799,240,0,2024-08-27
3800,696,0,2024-11-07
3801,811,0,2023-12-24
3802,351,0,2024-03-14
3803,199,0,2023-11-04
3804,835,0,2024-12-28
3805,529,0,2023-08-31
3806,803,0,2023-07-03
3807,180,0,2024-10-17
3808,28,0,2023-08-02
3809,169,0,2023-03-27
3810,244,0,2023-05-04
3811,409,0,2023-02-20
3812,52,0,2023-08-14
3813,195,0,2024-08-03
3814,850,0,2023-08-02
3815,110,0,2023-01-16
3816,169,0,2024-02-14
3817,113,0,2023-10-16
3818,435,0,2023-05-05
3819,696,0,2023-08-30
3820,15,0,2023-02-16
3821,943,0,2023-01-17
3822,483,0,2024-01-04
3823,800,0,2023-03-02
3824,561,0,2024-12-19
3825,54,0,2024-03-26
3826,973,0,2023-01-05
3827,591,0,2024-12-04
3828,345,0,2023-07-25
3829,749,0,2024-08-07
3830,580,0,2023-04-19
3831,677,0,2023-09-02
3832,40,0,2024-10-09
3833,496,0,2023-08-04
3834,670,0,2023-09-05
3835,694,0,2023-11-18
3836,749,0,2023-03-29
3837,524,0,2023-04-24
3838,811,0,2023-03-29
3839,677,0,2024-04-14
3840,472,0,2023-04-30
3841,20,0,2023-01-14
3842,739,0,2024-03-05
3843,414,0,2024-05-29
3844,484,0,2024-10-01
3845,219,0,2023-09-05
3846,196,0,2024-12-16
3847,394,0,2023-09-22
3848,663,0,2023-02-14
3849,225,0,2024-11-29
3850,238,0,2023-07-23
3851,551,0,2024-11-18
3852,753,0,2023-04-08
3853,897,0,2023-07-11
3854,845,0,2024-12-14
3855,621,0,2023-05-22
3856,174,0,2023-01-29
3857,52,0,2023-05-15
3858,982,0,2024-08-18
3859,774,0,2023-04-17
3860,575,0,2024-10-23
3861,451,0,2023-02-26
3862,24,0,2024-05-10
3863,781,0,2023-03-15
3864,881,0,2023-09-11
3865,378,0,2024-05-04
3866,662,0,2024-12-08
3867,55,0,2024-04-17
3868,587,0,2024-10-06
3869,238,0,2024-11-29
3870,961,0,2024-09-02
3871,978,0,2023-06-13
3872,574,0,2024-08-16
3873,759,0,2023-06-22
3874,419,0,2023-07-09
3875,762,0,2024-08-01
3876,500,0,2024-03-13
3877,777,0,2024-10-18
3878,514,0,2024-10-28
3879,940,0,2024-02-03
3880,111,0,2023-02-08
3881,866,0,2023-11-01
3882,486,0,2023-05-13
3883,937,0,2023-09-24
3884,656,0,2024-03-05
3885,334,0,2023-11-28
3886,267,0,2024-01-10
3887,139,0,2024-12-31
3888,294,0,2023-07-02
3889,582,0,2024-05-09
3890,551,0,2024-09-30
3891,191,0,2024-06-15
3892,21,0,2023-06-27
3893,98,0,2023-03-25
3894,524,0,2023-03-21
3895,974,0,2024-11-25
3896,461,0,2024-08-15
3897,67,0,2024-03-09
3898,386,0,2023-02-13
3899,892,0,2024-12-12
3900,72,0,2024-11-16
3901,404,0,2024-02-17
3902,966,0,2024-02-26
3903,825,0,2023-07-24
3904,229,0,2023-06-21
3905,157,0,2023-10-26
3906,799,0,2023-10-19
3907,337,0,2024-07-19
3908,812,0,2023-10-19
3909,482,0,2023-01-27
3910,431,0,2024-06-23
3911,290,0,2024-08-01
3912,888,0,2024-03-11
3913,962,0,2024-08-20
3914,738,0,2023-09-25
3915,936,0,2023-09-05
3916,560,0,2023-05-11
3917,618,0,2024-06-16
3918,277,0,2024-05-09
3919,158,0,2024-11-02
3920,567,0,2023-11-11
3921,435,0,2024-10-01
3922,839,0,2024-03-09
3923,870,0,2023-11-17
3924,328,0,2024-03-18
3925,487,0,2024-05-27
3926,488,0,2023-09-11
3927,55,0,2023-06-01
3928,15,0,2023-03-16
3929,423,0,2024-02-29
3930,783,0,2024-02-19
3931,69,0,2024-07-15
3932,589,0,2024-05-04
3933,769,0,2024-12-13
3934,108,0,2024-05-13
3935,560,0,2024-08-23
3936,692,0,2023-03-22
3937,401,0,2023-05-27
3938,784,0,2023-05-14
3939,97,0,2023-10-07
3940,18,0,2024-10-13
3941,853,0,2023-08-05
3942,281,0,2023-01-13
3943,843,0,2023-07-06
3944,140,0,2023-10-26
3945,630,0,2024-06-25
3946,804,0,2023-08-01
3947,131,0,2023-08-10
3948,202,0,2023-04-25
3949,872,0,2023-08-02
3950,954,0,2024-01-04
3951,435,0,2024-12-10
3952,185,0,2024-09-25
3953,940,0,2023-12-27
3954,519,0,2024-03-05
3955,742,0,2024-03-11
3956,288,0,2023-01-16
3957,381,0,2024-06-01
3958,849,0,2024-06-16
3959,198,0,2024-10-26
3960,895,0,2023-02-21
3961,55,0,2024-05-30
3962,592,0,2023-12-22
3963,353,0,2023-06-19
3964,40,0,2023-05-22
3965,193,0,2024-03-10
3966,593,0,2023-11-08
3967,524,0,2024-12-05
3968,59,0,2024-03-17
3969,830,0,2024-11-02
3970,170,0,2024-04-08
3971,624,0,2024-09-12
3972,228,0,2024-03-21
3973,109,0,2024-02-13
3974,523,0,2024-01-09
3975,719,0,2023-02-13
3976,515,0,2024-01-15
3977,791,0,2023-08-29
3978,610,0,2024-09-30
3979,444,0,2024-03-26
3980,103,0,2024-01-21
3981,613,0,2024-05-30
3982,594,0,2024-09-11
3983,953,0,2023-06-28
3984,557,0,2023-05-02
3985,128,0,2023-04-18
3986,69,0,2023-10-19
3987,261,0,2024-01-20
3988,493,0,2023-07-25
3989,785,0,2024-03-24
3990,446,0,2023-10-11
3991,904,0,2023-01-06
3992,898,0,2023-07-13
3993,891,0,2024-01-27
3994,813,0,2023-09-30
3995,290,0,2024-04-09
3996,523,0,2024-08-12
3997,424,0,2023-06-03
3998,708,0,2023-04-17
3999,344,0,2023-02-23
4000,425,0,2024-12-02
